{"initial_reset_timestamp": 1631841029.9477367, "timestamps": [1631841031.8306117], "episode_lengths": [138], "episode_rewards": [-138.0], "episode_types": ["t"]}