{"initial_reset_timestamp": 1631841167.9667435, "timestamps": [1631841170.1696045], "episode_lengths": [166], "episode_rewards": [-166.0], "episode_types": ["t"]}