{"initial_reset_timestamp": 1631840847.6344914, "timestamps": [1631840849.6457095], "episode_lengths": [152], "episode_rewards": [-152.0], "episode_types": ["t"]}