{"initial_reset_timestamp": 1631840172.7323709, "timestamps": [1631840173.9906225], "episode_lengths": [81], "episode_rewards": [-80.0], "episode_types": ["t"]}