{"initial_reset_timestamp": 1631840026.8410962, "timestamps": [1631840028.33663], "episode_lengths": [104], "episode_rewards": [-103.0], "episode_types": ["t"]}