{"initial_reset_timestamp": 1631841374.8971002, "timestamps": [1631841376.5085232], "episode_lengths": [114], "episode_rewards": [-114.0], "episode_types": ["t"]}