{"initial_reset_timestamp": 1631841018.0127087, "timestamps": [1631841020.23011], "episode_lengths": [161], "episode_rewards": [-161.0], "episode_types": ["t"]}