{"initial_reset_timestamp": 1631840223.440873, "timestamps": [1631840224.4919086], "episode_lengths": [64], "episode_rewards": [-63.0], "episode_types": ["t"]}