{"initial_reset_timestamp": 1631840592.3727808, "timestamps": [1631840594.8191736], "episode_lengths": [200], "episode_rewards": [-200.0], "episode_types": ["t"]}