{"initial_reset_timestamp": 1631840052.1416824, "timestamps": [1631840053.6125793], "episode_lengths": [101], "episode_rewards": [-100.0], "episode_types": ["t"]}