{"initial_reset_timestamp": 1631839739.0356781, "timestamps": [1631839740.351696], "episode_lengths": [95], "episode_rewards": [-94.0], "episode_types": ["t"]}