{"initial_reset_timestamp": 1631840581.9197915, "timestamps": [1631840584.4012477], "episode_lengths": [200], "episode_rewards": [-200.0], "episode_types": ["t"]}