{"initial_reset_timestamp": 1631841363.2499323, "timestamps": [1631841364.9022849], "episode_lengths": [111], "episode_rewards": [-111.0], "episode_types": ["t"]}