{"initial_reset_timestamp": 1631840307.2071028, "timestamps": [1631840308.3839374], "episode_lengths": [77], "episode_rewards": [-76.0], "episode_types": ["t"]}