{"initial_reset_timestamp": 1631841223.3400311, "timestamps": [1631841225.001795], "episode_lengths": [115], "episode_rewards": [-115.0], "episode_types": ["t"]}