{"initial_reset_timestamp": 1631840597.6145413, "timestamps": [1631840600.0411634], "episode_lengths": [200], "episode_rewards": [-200.0], "episode_types": ["t"]}