{"initial_reset_timestamp": 1631839995.2997508, "timestamps": [1631839996.6250203], "episode_lengths": [94], "episode_rewards": [-93.0], "episode_types": ["t"]}