{"initial_reset_timestamp": 1631841159.226513, "timestamps": [1631841160.7656634], "episode_lengths": [106], "episode_rewards": [-106.0], "episode_types": ["t"]}