{"initial_reset_timestamp": 1631840317.6618197, "timestamps": [1631840318.8971846], "episode_lengths": [84], "episode_rewards": [-83.0], "episode_types": ["t"]}