{"initial_reset_timestamp": 1631840185.3807468, "timestamps": [1631840186.6445322], "episode_lengths": [86], "episode_rewards": [-85.0], "episode_types": ["t"]}