{"initial_reset_timestamp": 1631840384.0935028, "timestamps": [1631840386.4139347], "episode_lengths": [200], "episode_rewards": [-200.0], "episode_types": ["t"]}