{"initial_reset_timestamp": 1631839705.1558971, "timestamps": [1631839706.8067667], "episode_lengths": [122], "episode_rewards": [-121.0], "episode_types": ["t"]}