{"initial_reset_timestamp": 1631840115.6612482, "timestamps": [1631840116.8346555], "episode_lengths": [78], "episode_rewards": [-77.0], "episode_types": ["t"]}