{"initial_reset_timestamp": 1631839765.4297552, "timestamps": [1631839766.532425], "episode_lengths": [78], "episode_rewards": [-77.0], "episode_types": ["t"]}