{"initial_reset_timestamp": 1631841215.737928, "timestamps": [1631841217.2840374], "episode_lengths": [99], "episode_rewards": [-99.0], "episode_types": ["t"]}