{"initial_reset_timestamp": 1631841050.8644526, "timestamps": [1631841052.50624], "episode_lengths": [114], "episode_rewards": [-114.0], "episode_types": ["t"]}