{"initial_reset_timestamp": 1631840553.0910475, "timestamps": [1631840555.670042], "episode_lengths": [200], "episode_rewards": [-200.0], "episode_types": ["t"]}