{"initial_reset_timestamp": 1631841149.8546727, "timestamps": [1631841151.399139], "episode_lengths": [105], "episode_rewards": [-105.0], "episode_types": ["t"]}