{"initial_reset_timestamp": 1631841077.605285, "timestamps": [1631841079.1359844], "episode_lengths": [112], "episode_rewards": [-112.0], "episode_types": ["t"]}