{"initial_reset_timestamp": 1631840605.4061353, "timestamps": [1631840608.0506856], "episode_lengths": [200], "episode_rewards": [-200.0], "episode_types": ["t"]}