{"initial_reset_timestamp": 1631841280.4129136, "timestamps": [1631841282.7253358], "episode_lengths": [162], "episode_rewards": [-162.0], "episode_types": ["t"]}