{"initial_reset_timestamp": 1631841334.996044, "timestamps": [1631841336.5207546], "episode_lengths": [106], "episode_rewards": [-106.0], "episode_types": ["t"]}