{"initial_reset_timestamp": 1631839527.293271, "timestamps": [1631839533.383178], "episode_lengths": [500], "episode_rewards": [-500.0], "episode_types": ["t"]}