{"initial_reset_timestamp": 1631839966.012375, "timestamps": [1631839967.3357482], "episode_lengths": [92], "episode_rewards": [-91.0], "episode_types": ["t"]}