{"initial_reset_timestamp": 1631840303.2062256, "timestamps": [1631840304.4103165], "episode_lengths": [78], "episode_rewards": [-77.0], "episode_types": ["t"]}