{"initial_reset_timestamp": 1631841058.2654583, "timestamps": [1631841060.2475114], "episode_lengths": [144], "episode_rewards": [-144.0], "episode_types": ["t"]}