{"initial_reset_timestamp": 1631840456.0754797, "timestamps": [1631840458.6302826], "episode_lengths": [200], "episode_rewards": [-200.0], "episode_types": ["t"]}