{"initial_reset_timestamp": 1631840442.6372502, "timestamps": [1631840445.2643294], "episode_lengths": [200], "episode_rewards": [-200.0], "episode_types": ["t"]}