{"initial_reset_timestamp": 1631840998.1342912, "timestamps": [1631841000.3408818], "episode_lengths": [163], "episode_rewards": [-163.0], "episode_types": ["t"]}