{"initial_reset_timestamp": 1631840713.1063275, "timestamps": [1631840715.6081345], "episode_lengths": [200], "episode_rewards": [-200.0], "episode_types": ["t"]}