{"initial_reset_timestamp": 1631839775.3525314, "timestamps": [1631839777.1737728], "episode_lengths": [131], "episode_rewards": [-130.0], "episode_types": ["t"]}