{"initial_reset_timestamp": 1631839835.1733868, "timestamps": [1631839836.3024194], "episode_lengths": [76], "episode_rewards": [-75.0], "episode_types": ["t"]}