{"initial_reset_timestamp": 1631840192.3891919, "timestamps": [1631840193.4630072], "episode_lengths": [72], "episode_rewards": [-71.0], "episode_types": ["t"]}