{"initial_reset_timestamp": 1631840072.4010034, "timestamps": [1631840073.7085185], "episode_lengths": [93], "episode_rewards": [-92.0], "episode_types": ["t"]}