{"initial_reset_timestamp": 1631840214.206409, "timestamps": [1631840215.8180416], "episode_lengths": [109], "episode_rewards": [-108.0], "episode_types": ["t"]}