{"initial_reset_timestamp": 1631841282.848044, "timestamps": [1631841285.430016], "episode_lengths": [182], "episode_rewards": [-182.0], "episode_types": ["t"]}