{"initial_reset_timestamp": 1631839947.294016, "timestamps": [1631839948.4557586], "episode_lengths": [81], "episode_rewards": [-80.0], "episode_types": ["t"]}