{"initial_reset_timestamp": 1631840479.908107, "timestamps": [1631840482.4304924], "episode_lengths": [200], "episode_rewards": [-200.0], "episode_types": ["t"]}