{"initial_reset_timestamp": 1631840977.2883077, "timestamps": [1631840979.070358], "episode_lengths": [130], "episode_rewards": [-130.0], "episode_types": ["t"]}