{"initial_reset_timestamp": 1631840376.6653585, "timestamps": [1631840379.0485823], "episode_lengths": [200], "episode_rewards": [-200.0], "episode_types": ["t"]}