{"initial_reset_timestamp": 1631839725.2612846, "timestamps": [1631839726.500668], "episode_lengths": [88], "episode_rewards": [-87.0], "episode_types": ["t"]}