{"initial_reset_timestamp": 1631840579.3565395, "timestamps": [1631840581.801925], "episode_lengths": [200], "episode_rewards": [-200.0], "episode_types": ["t"]}