{"initial_reset_timestamp": 1631839564.4574733, "timestamps": [1631839566.488703], "episode_lengths": [157], "episode_rewards": [-156.0], "episode_types": ["t"]}