{"initial_reset_timestamp": 1631839679.1331813, "timestamps": [1631839680.9605155], "episode_lengths": [129], "episode_rewards": [-128.0], "episode_types": ["t"]}