{"initial_reset_timestamp": 1631840715.7247088, "timestamps": [1631840718.3173814], "episode_lengths": [200], "episode_rewards": [-200.0], "episode_types": ["t"]}