{"initial_reset_timestamp": 1631839813.5843482, "timestamps": [1631839814.8062592], "episode_lengths": [87], "episode_rewards": [-86.0], "episode_types": ["t"]}