{"initial_reset_timestamp": 1631840197.997143, "timestamps": [1631840199.3029053], "episode_lengths": [89], "episode_rewards": [-88.0], "episode_types": ["t"]}