{"initial_reset_timestamp": 1631840219.158924, "timestamps": [1631840220.6261783], "episode_lengths": [94], "episode_rewards": [-93.0], "episode_types": ["t"]}