{"initial_reset_timestamp": 1631840439.977016, "timestamps": [1631840442.5068324], "episode_lengths": [200], "episode_rewards": [-200.0], "episode_types": ["t"]}