{"initial_reset_timestamp": 1631839753.6100998, "timestamps": [1631839755.3112962], "episode_lengths": [125], "episode_rewards": [-124.0], "episode_types": ["t"]}