{"initial_reset_timestamp": 1631840542.7187483, "timestamps": [1631840545.1996775], "episode_lengths": [200], "episode_rewards": [-200.0], "episode_types": ["t"]}