{"initial_reset_timestamp": 1631839843.9779892, "timestamps": [1631839845.0589588], "episode_lengths": [75], "episode_rewards": [-74.0], "episode_types": ["t"]}