{"initial_reset_timestamp": 1631840955.0612304, "timestamps": [1631840957.158253], "episode_lengths": [155], "episode_rewards": [-155.0], "episode_types": ["t"]}