{"initial_reset_timestamp": 1631839731.8772063, "timestamps": [1631839733.0421822], "episode_lengths": [84], "episode_rewards": [-83.0], "episode_types": ["t"]}