{"initial_reset_timestamp": 1631840734.3189852, "timestamps": [1631840736.8335404], "episode_lengths": [200], "episode_rewards": [-200.0], "episode_types": ["t"]}