{"initial_reset_timestamp": 1631840899.5801923, "timestamps": [1631840901.8385594], "episode_lengths": [163], "episode_rewards": [-163.0], "episode_types": ["t"]}