{"initial_reset_timestamp": 1631841310.4919183, "timestamps": [1631841311.8147392], "episode_lengths": [90], "episode_rewards": [-90.0], "episode_types": ["t"]}