{"initial_reset_timestamp": 1631839879.4907997, "timestamps": [1631839880.4380589], "episode_lengths": [64], "episode_rewards": [-63.0], "episode_types": ["t"]}