{"initial_reset_timestamp": 1631839652.1379607, "timestamps": [1631839654.611244], "episode_lengths": [190], "episode_rewards": [-189.0], "episode_types": ["t"]}