{"initial_reset_timestamp": 1631840702.5552013, "timestamps": [1631840705.0003033], "episode_lengths": [200], "episode_rewards": [-200.0], "episode_types": ["t"]}