{"initial_reset_timestamp": 1631841421.0258722, "timestamps": [1631841423.1332085], "episode_lengths": [148], "episode_rewards": [-148.0], "episode_types": ["t"]}