{"initial_reset_timestamp": 1631840576.7354388, "timestamps": [1631840579.2507875], "episode_lengths": [200], "episode_rewards": [-200.0], "episode_types": ["t"]}