{"initial_reset_timestamp": 1631841313.7486143, "timestamps": [1631841315.3675272], "episode_lengths": [108], "episode_rewards": [-108.0], "episode_types": ["t"]}