{"initial_reset_timestamp": 1631840963.5461438, "timestamps": [1631840965.8944387], "episode_lengths": [180], "episode_rewards": [-180.0], "episode_types": ["t"]}