{"initial_reset_timestamp": 1631839856.9299169, "timestamps": [1631839858.1198497], "episode_lengths": [85], "episode_rewards": [-84.0], "episode_types": ["t"]}