{"initial_reset_timestamp": 1631840122.763232, "timestamps": [1631840123.9582427], "episode_lengths": [75], "episode_rewards": [-74.0], "episode_types": ["t"]}