{"initial_reset_timestamp": 1631840705.128883, "timestamps": [1631840707.6534345], "episode_lengths": [200], "episode_rewards": [-200.0], "episode_types": ["t"]}