{"initial_reset_timestamp": 1631840555.8221655, "timestamps": [1631840558.3928912], "episode_lengths": [200], "episode_rewards": [-200.0], "episode_types": ["t"]}