{"initial_reset_timestamp": 1631839850.8013804, "timestamps": [1631839852.4844055], "episode_lengths": [120], "episode_rewards": [-119.0], "episode_types": ["t"]}