{"initial_reset_timestamp": 1631841091.0188556, "timestamps": [1631841093.0455232], "episode_lengths": [143], "episode_rewards": [-143.0], "episode_types": ["t"]}