{"initial_reset_timestamp": 1631840692.0582995, "timestamps": [1631840694.5878685], "episode_lengths": [200], "episode_rewards": [-200.0], "episode_types": ["t"]}