{"initial_reset_timestamp": 1631840149.562111, "timestamps": [1631840150.7794595], "episode_lengths": [78], "episode_rewards": [-77.0], "episode_types": ["t"]}