{"initial_reset_timestamp": 1631839989.108204, "timestamps": [1631839990.2244847], "episode_lengths": [78], "episode_rewards": [-77.0], "episode_types": ["t"]}