{"initial_reset_timestamp": 1631841341.5425513, "timestamps": [1631841343.2680888], "episode_lengths": [116], "episode_rewards": [-116.0], "episode_types": ["t"]}