{"initial_reset_timestamp": 1631839552.7462375, "timestamps": [1631839557.945343], "episode_lengths": [417], "episode_rewards": [-416.0], "episode_types": ["t"]}