{"initial_reset_timestamp": 1631840618.6190047, "timestamps": [1631840621.1943693], "episode_lengths": [200], "episode_rewards": [-200.0], "episode_types": ["t"]}