{"initial_reset_timestamp": 1631840124.1675546, "timestamps": [1631840125.476732], "episode_lengths": [84], "episode_rewards": [-83.0], "episode_types": ["t"]}