{"initial_reset_timestamp": 1631841440.9406679, "timestamps": [1631841442.9107141], "episode_lengths": [143], "episode_rewards": [-143.0], "episode_types": ["t"]}