{"initial_reset_timestamp": 1631839838.368228, "timestamps": [1631839839.4728017], "episode_lengths": [75], "episode_rewards": [-74.0], "episode_types": ["t"]}