{"initial_reset_timestamp": 1631841296.9966288, "timestamps": [1631841298.5818362], "episode_lengths": [104], "episode_rewards": [-104.0], "episode_types": ["t"]}