{"initial_reset_timestamp": 1631840729.068559, "timestamps": [1631840731.526483], "episode_lengths": [200], "episode_rewards": [-200.0], "episode_types": ["t"]}