{"initial_reset_timestamp": 1631840800.6563401, "timestamps": [1631840803.2525132], "episode_lengths": [200], "episode_rewards": [-200.0], "episode_types": ["t"]}