{"initial_reset_timestamp": 1631839576.1236775, "timestamps": [1631839578.600379], "episode_lengths": [202], "episode_rewards": [-201.0], "episode_types": ["t"]}