{"initial_reset_timestamp": 1631840144.6304328, "timestamps": [1631840145.908487], "episode_lengths": [86], "episode_rewards": [-85.0], "episode_types": ["t"]}