{"initial_reset_timestamp": 1631840985.4061713, "timestamps": [1631840987.7017536], "episode_lengths": [175], "episode_rewards": [-175.0], "episode_types": ["t"]}