{"initial_reset_timestamp": 1631840248.5774772, "timestamps": [1631840249.8759966], "episode_lengths": [82], "episode_rewards": [-81.0], "episode_types": ["t"]}