{"initial_reset_timestamp": 1631839592.808704, "timestamps": [1631839596.8638716], "episode_lengths": [331], "episode_rewards": [-330.0], "episode_types": ["t"]}