{"initial_reset_timestamp": 1631841431.5865796, "timestamps": [1631841434.103467], "episode_lengths": [181], "episode_rewards": [-181.0], "episode_types": ["t"]}