{"initial_reset_timestamp": 1631840487.6631064, "timestamps": [1631840490.2158434], "episode_lengths": [200], "episode_rewards": [-200.0], "episode_types": ["t"]}