{"initial_reset_timestamp": 1631841419.250413, "timestamps": [1631841420.9035552], "episode_lengths": [115], "episode_rewards": [-115.0], "episode_types": ["t"]}