{"initial_reset_timestamp": 1631840014.5533621, "timestamps": [1631840015.7689977], "episode_lengths": [81], "episode_rewards": [-80.0], "episode_types": ["t"]}