{"initial_reset_timestamp": 1631840652.9426143, "timestamps": [1631840655.44703], "episode_lengths": [200], "episode_rewards": [-200.0], "episode_types": ["t"]}