{"initial_reset_timestamp": 1631839773.8551652, "timestamps": [1631839775.1747158], "episode_lengths": [92], "episode_rewards": [-91.0], "episode_types": ["t"]}