{"initial_reset_timestamp": 1631839886.7295372, "timestamps": [1631839888.0709164], "episode_lengths": [96], "episode_rewards": [-95.0], "episode_types": ["t"]}