{"initial_reset_timestamp": 1631840212.5068932, "timestamps": [1631840214.0310328], "episode_lengths": [107], "episode_rewards": [-106.0], "episode_types": ["t"]}