{"initial_reset_timestamp": 1631841453.083811, "timestamps": [1631841455.4054618], "episode_lengths": [170], "episode_rewards": [-170.0], "episode_types": ["t"]}