{"initial_reset_timestamp": 1631839610.9052057, "timestamps": [1631839615.5911357], "episode_lengths": [378], "episode_rewards": [-377.0], "episode_types": ["t"]}