{"initial_reset_timestamp": 1631839709.6726594, "timestamps": [1631839710.9262264], "episode_lengths": [91], "episode_rewards": [-90.0], "episode_types": ["t"]}