{"initial_reset_timestamp": 1631840075.2319987, "timestamps": [1631840076.6895006], "episode_lengths": [99], "episode_rewards": [-98.0], "episode_types": ["t"]}