{"initial_reset_timestamp": 1631840890.2278683, "timestamps": [1631840892.7796686], "episode_lengths": [200], "episode_rewards": [-200.0], "episode_types": ["t"]}