{"initial_reset_timestamp": 1631841123.8033638, "timestamps": [1631841125.108907], "episode_lengths": [90], "episode_rewards": [-90.0], "episode_types": ["t"]}