{"initial_reset_timestamp": 1631840905.672724, "timestamps": [1631840907.2709806], "episode_lengths": [114], "episode_rewards": [-114.0], "episode_types": ["t"]}