{"initial_reset_timestamp": 1631839601.9129467, "timestamps": [1631839603.9203193], "episode_lengths": [158], "episode_rewards": [-157.0], "episode_types": ["t"]}