{"initial_reset_timestamp": 1631840747.525991, "timestamps": [1631840749.9824228], "episode_lengths": [200], "episode_rewards": [-200.0], "episode_types": ["t"]}