{"initial_reset_timestamp": 1631840229.8602164, "timestamps": [1631840230.9321418], "episode_lengths": [70], "episode_rewards": [-69.0], "episode_types": ["t"]}