{"initial_reset_timestamp": 1631840280.9664164, "timestamps": [1631840282.2499988], "episode_lengths": [85], "episode_rewards": [-84.0], "episode_types": ["t"]}