{"initial_reset_timestamp": 1631840411.781402, "timestamps": [1631840414.1972964], "episode_lengths": [200], "episode_rewards": [-200.0], "episode_types": ["t"]}