{"initial_reset_timestamp": 1631840253.0732183, "timestamps": [1631840254.3845081], "episode_lengths": [87], "episode_rewards": [-86.0], "episode_types": ["t"]}