{"initial_reset_timestamp": 1631839892.9289103, "timestamps": [1631839894.047664], "episode_lengths": [75], "episode_rewards": [-74.0], "episode_types": ["t"]}