{"initial_reset_timestamp": 1631839987.872618, "timestamps": [1631839988.9281323], "episode_lengths": [73], "episode_rewards": [-72.0], "episode_types": ["t"]}