{"initial_reset_timestamp": 1631840227.253754, "timestamps": [1631840228.2519886], "episode_lengths": [63], "episode_rewards": [-62.0], "episode_types": ["t"]}