{"initial_reset_timestamp": 1631841137.974353, "timestamps": [1631841139.9341936], "episode_lengths": [145], "episode_rewards": [-145.0], "episode_types": ["t"]}