{"initial_reset_timestamp": 1631840942.7684119, "timestamps": [1631840945.367149], "episode_lengths": [200], "episode_rewards": [-200.0], "episode_types": ["t"]}