{"initial_reset_timestamp": 1631840265.962576, "timestamps": [1631840267.4086986], "episode_lengths": [93], "episode_rewards": [-92.0], "episode_types": ["t"]}