{"initial_reset_timestamp": 1631841105.2055094, "timestamps": [1631841107.2930167], "episode_lengths": [147], "episode_rewards": [-147.0], "episode_types": ["t"]}