{"initial_reset_timestamp": 1631840109.693265, "timestamps": [1631840111.0517468], "episode_lengths": [87], "episode_rewards": [-86.0], "episode_types": ["t"]}