{"initial_reset_timestamp": 1631841064.3784251, "timestamps": [1631841065.831936], "episode_lengths": [102], "episode_rewards": [-102.0], "episode_types": ["t"]}