{"initial_reset_timestamp": 1631840167.943419, "timestamps": [1631840169.4402487], "episode_lengths": [104], "episode_rewards": [-103.0], "episode_types": ["t"]}