{"initial_reset_timestamp": 1631840134.9091375, "timestamps": [1631840135.965439], "episode_lengths": [70], "episode_rewards": [-69.0], "episode_types": ["t"]}