{"initial_reset_timestamp": 1631841209.3828976, "timestamps": [1631841211.6431665], "episode_lengths": [168], "episode_rewards": [-168.0], "episode_types": ["t"]}