{"initial_reset_timestamp": 1631841355.5629659, "timestamps": [1631841358.1451194], "episode_lengths": [189], "episode_rewards": [-189.0], "episode_types": ["t"]}