{"initial_reset_timestamp": 1631840351.7601454, "timestamps": [1631840354.1756299], "episode_lengths": [200], "episode_rewards": [-200.0], "episode_types": ["t"]}