{"initial_reset_timestamp": 1631840750.1235535, "timestamps": [1631840752.6558967], "episode_lengths": [200], "episode_rewards": [-200.0], "episode_types": ["t"]}