{"initial_reset_timestamp": 1631840951.0360734, "timestamps": [1631840952.5853326], "episode_lengths": [114], "episode_rewards": [-114.0], "episode_types": ["t"]}