{"initial_reset_timestamp": 1631840127.09739, "timestamps": [1631840128.7294314], "episode_lengths": [110], "episode_rewards": [-109.0], "episode_types": ["t"]}