{"initial_reset_timestamp": 1631840994.1008005, "timestamps": [1631840996.1714332], "episode_lengths": [150], "episode_rewards": [-150.0], "episode_types": ["t"]}