{"initial_reset_timestamp": 1631841413.2293139, "timestamps": [1631841414.838759], "episode_lengths": [110], "episode_rewards": [-110.0], "episode_types": ["t"]}