{"initial_reset_timestamp": 1631841071.0883317, "timestamps": [1631841073.1157427], "episode_lengths": [151], "episode_rewards": [-151.0], "episode_types": ["t"]}