{"initial_reset_timestamp": 1631841204.0614686, "timestamps": [1631841206.801684], "episode_lengths": [200], "episode_rewards": [-200.0], "episode_types": ["t"]}