{"initial_reset_timestamp": 1631840118.6114225, "timestamps": [1631840119.7698483], "episode_lengths": [75], "episode_rewards": [-74.0], "episode_types": ["t"]}