{"initial_reset_timestamp": 1631839642.4130347, "timestamps": [1631839644.997754], "episode_lengths": [199], "episode_rewards": [-198.0], "episode_types": ["t"]}