{"initial_reset_timestamp": 1631840105.810173, "timestamps": [1631840106.8896813], "episode_lengths": [71], "episode_rewards": [-70.0], "episode_types": ["t"]}