{"initial_reset_timestamp": 1631841315.489171, "timestamps": [1631841317.8604255], "episode_lengths": [167], "episode_rewards": [-167.0], "episode_types": ["t"]}