{"initial_reset_timestamp": 1631839654.7764301, "timestamps": [1631839657.764083], "episode_lengths": [232], "episode_rewards": [-231.0], "episode_types": ["t"]}