{"initial_reset_timestamp": 1631841455.5214293, "timestamps": [1631841457.2015324], "episode_lengths": [121], "episode_rewards": [-121.0], "episode_types": ["t"]}