{"initial_reset_timestamp": 1631841107.4365323, "timestamps": [1631841109.5739143], "episode_lengths": [157], "episode_rewards": [-157.0], "episode_types": ["t"]}