{"initial_reset_timestamp": 1631841376.6438408, "timestamps": [1631841377.9369342], "episode_lengths": [89], "episode_rewards": [-89.0], "episode_types": ["t"]}