{"initial_reset_timestamp": 1631840327.801552, "timestamps": [1631840329.4361398], "episode_lengths": [114], "episode_rewards": [-113.0], "episode_types": ["t"]}