{"initial_reset_timestamp": 1631840918.1689832, "timestamps": [1631840920.1178892], "episode_lengths": [145], "episode_rewards": [-145.0], "episode_types": ["t"]}