{"initial_reset_timestamp": 1631840300.3413076, "timestamps": [1631840301.7531822], "episode_lengths": [95], "episode_rewards": [-94.0], "episode_types": ["t"]}