{"initial_reset_timestamp": 1631839648.3353994, "timestamps": [1631839650.0601068], "episode_lengths": [133], "episode_rewards": [-132.0], "episode_types": ["t"]}