{"initial_reset_timestamp": 1631840849.7760787, "timestamps": [1631840851.8140647], "episode_lengths": [147], "episode_rewards": [-147.0], "episode_types": ["t"]}