{"initial_reset_timestamp": 1631840058.072714, "timestamps": [1631840059.6602361], "episode_lengths": [109], "episode_rewards": [-108.0], "episode_types": ["t"]}