{"initial_reset_timestamp": 1631840774.1198885, "timestamps": [1631840776.5045314], "episode_lengths": [179], "episode_rewards": [-179.0], "episode_types": ["t"]}