{"initial_reset_timestamp": 1631841039.4322689, "timestamps": [1631841041.3233624], "episode_lengths": [143], "episode_rewards": [-143.0], "episode_types": ["t"]}