{"initial_reset_timestamp": 1631839924.9283583, "timestamps": [1631839926.578368], "episode_lengths": [120], "episode_rewards": [-119.0], "episode_types": ["t"]}