{"initial_reset_timestamp": 1631840621.3178582, "timestamps": [1631840623.8647463], "episode_lengths": [200], "episode_rewards": [-200.0], "episode_types": ["t"]}