{"initial_reset_timestamp": 1631839693.5908668, "timestamps": [1631839695.6060693], "episode_lengths": [154], "episode_rewards": [-153.0], "episode_types": ["t"]}