{"initial_reset_timestamp": 1631840101.0705194, "timestamps": [1631840102.353485], "episode_lengths": [85], "episode_rewards": [-84.0], "episode_types": ["t"]}