{"initial_reset_timestamp": 1631840610.8869731, "timestamps": [1631840613.3615997], "episode_lengths": [200], "episode_rewards": [-200.0], "episode_types": ["t"]}