{"initial_reset_timestamp": 1631840901.9723577, "timestamps": [1631840903.6942875], "episode_lengths": [127], "episode_rewards": [-127.0], "episode_types": ["t"]}