{"initial_reset_timestamp": 1631839740.526573, "timestamps": [1631839741.5512726], "episode_lengths": [71], "episode_rewards": [-70.0], "episode_types": ["t"]}