{"initial_reset_timestamp": 1631839876.6203067, "timestamps": [1631839877.7673979], "episode_lengths": [83], "episode_rewards": [-82.0], "episode_types": ["t"]}