{"initial_reset_timestamp": 1631840264.6262734, "timestamps": [1631840265.7664025], "episode_lengths": [72], "episode_rewards": [-71.0], "episode_types": ["t"]}