{"initial_reset_timestamp": 1631841190.417569, "timestamps": [1631841192.4026053], "episode_lengths": [147], "episode_rewards": [-147.0], "episode_types": ["t"]}