{"initial_reset_timestamp": 1631841014.202726, "timestamps": [1631841016.1339748], "episode_lengths": [140], "episode_rewards": [-140.0], "episode_types": ["t"]}