{"initial_reset_timestamp": 1631839766.708294, "timestamps": [1631839767.8450475], "episode_lengths": [77], "episode_rewards": [-76.0], "episode_types": ["t"]}