{"initial_reset_timestamp": 1631841188.3287861, "timestamps": [1631841190.2953222], "episode_lengths": [140], "episode_rewards": [-140.0], "episode_types": ["t"]}