{"initial_reset_timestamp": 1631841031.9752672, "timestamps": [1631841034.1454847], "episode_lengths": [160], "episode_rewards": [-160.0], "episode_types": ["t"]}