{"initial_reset_timestamp": 1631841273.3535562, "timestamps": [1631841275.2504022], "episode_lengths": [139], "episode_rewards": [-139.0], "episode_types": ["t"]}