{"initial_reset_timestamp": 1631841380.237514, "timestamps": [1631841381.7962456], "episode_lengths": [107], "episode_rewards": [-107.0], "episode_types": ["t"]}