{"initial_reset_timestamp": 1631839814.9769237, "timestamps": [1631839816.088464], "episode_lengths": [77], "episode_rewards": [-76.0], "episode_types": ["t"]}