{"initial_reset_timestamp": 1631839983.921441, "timestamps": [1631839985.0882554], "episode_lengths": [79], "episode_rewards": [-78.0], "episode_types": ["t"]}