{"initial_reset_timestamp": 1631840961.3502882, "timestamps": [1631840963.416058], "episode_lengths": [156], "episode_rewards": [-156.0], "episode_types": ["t"]}