{"initial_reset_timestamp": 1631839992.6154704, "timestamps": [1631839993.6230185], "episode_lengths": [62], "episode_rewards": [-61.0], "episode_types": ["t"]}