{"initial_reset_timestamp": 1631840527.0268397, "timestamps": [1631840529.548854], "episode_lengths": [200], "episode_rewards": [-200.0], "episode_types": ["t"]}