{"initial_reset_timestamp": 1631840080.166954, "timestamps": [1631840081.3336701], "episode_lengths": [78], "episode_rewards": [-77.0], "episode_types": ["t"]}