{"initial_reset_timestamp": 1631841241.129429, "timestamps": [1631841243.4364362], "episode_lengths": [163], "episode_rewards": [-163.0], "episode_types": ["t"]}