{"initial_reset_timestamp": 1631839751.8623445, "timestamps": [1631839753.4180818], "episode_lengths": [112], "episode_rewards": [-111.0], "episode_types": ["t"]}