{"initial_reset_timestamp": 1631840330.9637146, "timestamps": [1631840332.0280445], "episode_lengths": [71], "episode_rewards": [-70.0], "episode_types": ["t"]}