{"initial_reset_timestamp": 1631840626.6158638, "timestamps": [1631840629.1311836], "episode_lengths": [200], "episode_rewards": [-200.0], "episode_types": ["t"]}