{"initial_reset_timestamp": 1631840686.591778, "timestamps": [1631840689.2911115], "episode_lengths": [200], "episode_rewards": [-200.0], "episode_types": ["t"]}