{"initial_reset_timestamp": 1631840842.306568, "timestamps": [1631840844.7956426], "episode_lengths": [200], "episode_rewards": [-200.0], "episode_types": ["t"]}