{"initial_reset_timestamp": 1631841457.3385565, "timestamps": [1631841459.4608448], "episode_lengths": [156], "episode_rewards": [-156.0], "episode_types": ["t"]}