{"initial_reset_timestamp": 1631840916.0873733, "timestamps": [1631840918.0229118], "episode_lengths": [142], "episode_rewards": [-142.0], "episode_types": ["t"]}