{"initial_reset_timestamp": 1631840164.8889182, "timestamps": [1631840166.0490477], "episode_lengths": [74], "episode_rewards": [-73.0], "episode_types": ["t"]}