{"initial_reset_timestamp": 1631839910.5459094, "timestamps": [1631839911.703299], "episode_lengths": [76], "episode_rewards": [-75.0], "episode_types": ["t"]}