{"initial_reset_timestamp": 1631840973.2121549, "timestamps": [1631840974.9759073], "episode_lengths": [134], "episode_rewards": [-134.0], "episode_types": ["t"]}