{"initial_reset_timestamp": 1631840003.4924326, "timestamps": [1631840004.765955], "episode_lengths": [87], "episode_rewards": [-86.0], "episode_types": ["t"]}