{"initial_reset_timestamp": 1631839469.7046845, "timestamps": [1631839477.7061293], "episode_lengths": [500], "episode_rewards": [-500.0], "episode_types": ["t"]}