{"initial_reset_timestamp": 1631841103.3519835, "timestamps": [1631841105.0907357], "episode_lengths": [123], "episode_rewards": [-123.0], "episode_types": ["t"]}