{"initial_reset_timestamp": 1631841287.2248092, "timestamps": [1631841289.2327163], "episode_lengths": [139], "episode_rewards": [-139.0], "episode_types": ["t"]}