{"initial_reset_timestamp": 1631840806.04051, "timestamps": [1631840808.5635703], "episode_lengths": [200], "episode_rewards": [-200.0], "episode_types": ["t"]}