{"initial_reset_timestamp": 1631840907.4110768, "timestamps": [1631840909.5249324], "episode_lengths": [157], "episode_rewards": [-157.0], "episode_types": ["t"]}