{"initial_reset_timestamp": 1631840758.1366167, "timestamps": [1631840760.6792512], "episode_lengths": [200], "episode_rewards": [-200.0], "episode_types": ["t"]}