{"initial_reset_timestamp": 1631840949.2045379, "timestamps": [1631840950.9020364], "episode_lengths": [122], "episode_rewards": [-122.0], "episode_types": ["t"]}