{"initial_reset_timestamp": 1631839918.5185652, "timestamps": [1631839919.665646], "episode_lengths": [79], "episode_rewards": [-78.0], "episode_types": ["t"]}