{"initial_reset_timestamp": 1631840798.0722642, "timestamps": [1631840800.5395026], "episode_lengths": [200], "episode_rewards": [-200.0], "episode_types": ["t"]}