{"initial_reset_timestamp": 1631840821.713031, "timestamps": [1631840823.649481], "episode_lengths": [144], "episode_rewards": [-144.0], "episode_types": ["t"]}