{"initial_reset_timestamp": 1631841305.327965, "timestamps": [1631841307.3971505], "episode_lengths": [151], "episode_rewards": [-151.0], "episode_types": ["t"]}