{"initial_reset_timestamp": 1631840987.87362, "timestamps": [1631840989.7524757], "episode_lengths": [139], "episode_rewards": [-139.0], "episode_types": ["t"]}