{"initial_reset_timestamp": 1631840182.4703712, "timestamps": [1631840183.8305438], "episode_lengths": [93], "episode_rewards": [-92.0], "episode_types": ["t"]}