{"initial_reset_timestamp": 1631840186.8845499, "timestamps": [1631840188.0031257], "episode_lengths": [71], "episode_rewards": [-70.0], "episode_types": ["t"]}