{"initial_reset_timestamp": 1631840589.7225766, "timestamps": [1631840592.2373881], "episode_lengths": [200], "episode_rewards": [-200.0], "episode_types": ["t"]}