{"initial_reset_timestamp": 1631840243.0701394, "timestamps": [1631840244.1118922], "episode_lengths": [63], "episode_rewards": [-62.0], "episode_types": ["t"]}