{"initial_reset_timestamp": 1631839583.7449768, "timestamps": [1631839585.0980282], "episode_lengths": [102], "episode_rewards": [-101.0], "episode_types": ["t"]}