{"initial_reset_timestamp": 1631840311.2088614, "timestamps": [1631840312.874364], "episode_lengths": [112], "episode_rewards": [-111.0], "episode_types": ["t"]}