{"initial_reset_timestamp": 1631840755.4498513, "timestamps": [1631840758.0217392], "episode_lengths": [200], "episode_rewards": [-200.0], "episode_types": ["t"]}