{"initial_reset_timestamp": 1631841111.9445128, "timestamps": [1631841113.187604], "episode_lengths": [84], "episode_rewards": [-84.0], "episode_types": ["t"]}