{"initial_reset_timestamp": 1631839908.0523329, "timestamps": [1631839910.3634655], "episode_lengths": [171], "episode_rewards": [-170.0], "episode_types": ["t"]}