{"initial_reset_timestamp": 1631840537.5111787, "timestamps": [1631840539.9552557], "episode_lengths": [200], "episode_rewards": [-200.0], "episode_types": ["t"]}