{"initial_reset_timestamp": 1631840294.2860188, "timestamps": [1631840295.6589537], "episode_lengths": [91], "episode_rewards": [-90.0], "episode_types": ["t"]}