{"initial_reset_timestamp": 1631840163.6180363, "timestamps": [1631840164.7141745], "episode_lengths": [72], "episode_rewards": [-71.0], "episode_types": ["t"]}