{"initial_reset_timestamp": 1631840346.8859663, "timestamps": [1631840349.2807877], "episode_lengths": [200], "episode_rewards": [-200.0], "episode_types": ["t"]}