{"initial_reset_timestamp": 1631841410.9102936, "timestamps": [1631841413.093676], "episode_lengths": [152], "episode_rewards": [-152.0], "episode_types": ["t"]}