{"initial_reset_timestamp": 1631840301.943375, "timestamps": [1631840303.0161235], "episode_lengths": [71], "episode_rewards": [-70.0], "episode_types": ["t"]}