{"initial_reset_timestamp": 1631840639.691666, "timestamps": [1631840642.2268295], "episode_lengths": [200], "episode_rewards": [-200.0], "episode_types": ["t"]}