{"initial_reset_timestamp": 1631841298.7052953, "timestamps": [1631841301.4066434], "episode_lengths": [195], "episode_rewards": [-195.0], "episode_types": ["t"]}