{"initial_reset_timestamp": 1631840029.8259299, "timestamps": [1631840031.2245617], "episode_lengths": [99], "episode_rewards": [-98.0], "episode_types": ["t"]}