{"initial_reset_timestamp": 1631841098.8795447, "timestamps": [1631841100.9752316], "episode_lengths": [155], "episode_rewards": [-155.0], "episode_types": ["t"]}