{"initial_reset_timestamp": 1631839827.9053082, "timestamps": [1631839829.630972], "episode_lengths": [123], "episode_rewards": [-122.0], "episode_types": ["t"]}