{"initial_reset_timestamp": 1631839786.5844777, "timestamps": [1631839788.0537844], "episode_lengths": [100], "episode_rewards": [-99.0], "episode_types": ["t"]}