{"initial_reset_timestamp": 1631839806.9386399, "timestamps": [1631839808.170417], "episode_lengths": [83], "episode_rewards": [-82.0], "episode_types": ["t"]}