{"initial_reset_timestamp": 1631840234.846393, "timestamps": [1631840236.1122131], "episode_lengths": [83], "episode_rewards": [-82.0], "episode_types": ["t"]}