{"initial_reset_timestamp": 1631839734.5175915, "timestamps": [1631839735.6721566], "episode_lengths": [84], "episode_rewards": [-83.0], "episode_types": ["t"]}