{"initial_reset_timestamp": 1631840220.8102376, "timestamps": [1631840222.1003056], "episode_lengths": [85], "episode_rewards": [-84.0], "episode_types": ["t"]}