{"initial_reset_timestamp": 1631840957.3109918, "timestamps": [1631840959.8281205], "episode_lengths": [196], "episode_rewards": [-196.0], "episode_types": ["t"]}