{"initial_reset_timestamp": 1631839697.777273, "timestamps": [1631839700.1084685], "episode_lengths": [179], "episode_rewards": [-178.0], "episode_types": ["t"]}