{"initial_reset_timestamp": 1631839905.3218505, "timestamps": [1631839906.3136418], "episode_lengths": [64], "episode_rewards": [-63.0], "episode_types": ["t"]}