{"initial_reset_timestamp": 1631840205.175694, "timestamps": [1631840206.5101027], "episode_lengths": [88], "episode_rewards": [-87.0], "episode_types": ["t"]}