{"initial_reset_timestamp": 1631841151.5239923, "timestamps": [1631841153.3074164], "episode_lengths": [128], "episode_rewards": [-128.0], "episode_types": ["t"]}