{"initial_reset_timestamp": 1631841349.5738957, "timestamps": [1631841351.2234225], "episode_lengths": [112], "episode_rewards": [-112.0], "episode_types": ["t"]}