{"initial_reset_timestamp": 1631839964.6774654, "timestamps": [1631839965.8247943], "episode_lengths": [75], "episode_rewards": [-74.0], "episode_types": ["t"]}