{"initial_reset_timestamp": 1631839974.6692195, "timestamps": [1631839976.2749798], "episode_lengths": [111], "episode_rewards": [-110.0], "episode_types": ["t"]}