{"initial_reset_timestamp": 1631841260.4815814, "timestamps": [1631841262.0896163], "episode_lengths": [112], "episode_rewards": [-112.0], "episode_types": ["t"]}