{"initial_reset_timestamp": 1631840043.7784662, "timestamps": [1631840044.9698987], "episode_lengths": [76], "episode_rewards": [-75.0], "episode_types": ["t"]}