{"initial_reset_timestamp": 1631841056.2040293, "timestamps": [1631841058.1368368], "episode_lengths": [140], "episode_rewards": [-140.0], "episode_types": ["t"]}