{"initial_reset_timestamp": 1631839711.108078, "timestamps": [1631839712.5213702], "episode_lengths": [102], "episode_rewards": [-101.0], "episode_types": ["t"]}