{"initial_reset_timestamp": 1631839757.1326542, "timestamps": [1631839758.203334], "episode_lengths": [75], "episode_rewards": [-74.0], "episode_types": ["t"]}