{"initial_reset_timestamp": 1631840239.0932925, "timestamps": [1631840240.3112714], "episode_lengths": [82], "episode_rewards": [-81.0], "episode_types": ["t"]}