{"initial_reset_timestamp": 1631840320.6941319, "timestamps": [1631840321.936411], "episode_lengths": [82], "episode_rewards": [-81.0], "episode_types": ["t"]}