{"initial_reset_timestamp": 1631839484.0146432, "timestamps": [1631839489.9873023], "episode_lengths": [500], "episode_rewards": [-500.0], "episode_types": ["t"]}