{"initial_reset_timestamp": 1631840112.8498542, "timestamps": [1631840114.0062733], "episode_lengths": [77], "episode_rewards": [-76.0], "episode_types": ["t"]}