{"initial_reset_timestamp": 1631841477.060377, "timestamps": [1631841479.3068447], "episode_lengths": [153], "episode_rewards": [-153.0], "episode_types": ["t"]}