{"initial_reset_timestamp": 1631841054.1200802, "timestamps": [1631841056.0885682], "episode_lengths": [144], "episode_rewards": [-144.0], "episode_types": ["t"]}