{"initial_reset_timestamp": 1631839650.237441, "timestamps": [1631839651.96988], "episode_lengths": [126], "episode_rewards": [-125.0], "episode_types": ["t"]}