{"initial_reset_timestamp": 1631839793.248846, "timestamps": [1631839794.94593], "episode_lengths": [122], "episode_rewards": [-121.0], "episode_types": ["t"]}