{"initial_reset_timestamp": 1631840128.9172888, "timestamps": [1631840130.1293807], "episode_lengths": [77], "episode_rewards": [-76.0], "episode_types": ["t"]}