{"initial_reset_timestamp": 1631839744.3950462, "timestamps": [1631839746.9885325], "episode_lengths": [195], "episode_rewards": [-194.0], "episode_types": ["t"]}