{"initial_reset_timestamp": 1631841024.1048048, "timestamps": [1631841026.097725], "episode_lengths": [150], "episode_rewards": [-150.0], "episode_types": ["t"]}