{"initial_reset_timestamp": 1631841062.3731973, "timestamps": [1631841064.256119], "episode_lengths": [140], "episode_rewards": [-140.0], "episode_types": ["t"]}