{"initial_reset_timestamp": 1631841194.6595666, "timestamps": [1631841196.9666386], "episode_lengths": [162], "episode_rewards": [-162.0], "episode_types": ["t"]}