{"initial_reset_timestamp": 1631840545.3118894, "timestamps": [1631840547.741513], "episode_lengths": [200], "episode_rewards": [-200.0], "episode_types": ["t"]}