{"initial_reset_timestamp": 1631840851.9558084, "timestamps": [1631840854.598638], "episode_lengths": [200], "episode_rewards": [-200.0], "episode_types": ["t"]}