{"initial_reset_timestamp": 1631841426.8722794, "timestamps": [1631841429.0657697], "episode_lengths": [159], "episode_rewards": [-159.0], "episode_types": ["t"]}