{"initial_reset_timestamp": 1631841012.145675, "timestamps": [1631841014.0794582], "episode_lengths": [138], "episode_rewards": [-138.0], "episode_types": ["t"]}