{"initial_reset_timestamp": 1631841163.1208718, "timestamps": [1631841165.4867942], "episode_lengths": [172], "episode_rewards": [-172.0], "episode_types": ["t"]}