{"initial_reset_timestamp": 1631841006.5863373, "timestamps": [1631841008.4218435], "episode_lengths": [132], "episode_rewards": [-132.0], "episode_types": ["t"]}