{"initial_reset_timestamp": 1631840224.666362, "timestamps": [1631840225.8826916], "episode_lengths": [78], "episode_rewards": [-77.0], "episode_types": ["t"]}