{"initial_reset_timestamp": 1631840926.864642, "timestamps": [1631840928.6821182], "episode_lengths": [139], "episode_rewards": [-139.0], "episode_types": ["t"]}