{"initial_reset_timestamp": 1631840952.7063491, "timestamps": [1631840954.9467952], "episode_lengths": [168], "episode_rewards": [-168.0], "episode_types": ["t"]}