{"initial_reset_timestamp": 1631841127.334033, "timestamps": [1631841129.3796835], "episode_lengths": [148], "episode_rewards": [-148.0], "episode_types": ["t"]}