{"initial_reset_timestamp": 1631840867.087963, "timestamps": [1631840869.6884487], "episode_lengths": [200], "episode_rewards": [-200.0], "episode_types": ["t"]}