{"initial_reset_timestamp": 1631840174.174658, "timestamps": [1631840175.5190682], "episode_lengths": [91], "episode_rewards": [-90.0], "episode_types": ["t"]}