{"initial_reset_timestamp": 1631839585.273601, "timestamps": [1631839587.5127625], "episode_lengths": [181], "episode_rewards": [-180.0], "episode_types": ["t"]}