{"initial_reset_timestamp": 1631841109.7113993, "timestamps": [1631841111.824238], "episode_lengths": [147], "episode_rewards": [-147.0], "episode_types": ["t"]}