{"initial_reset_timestamp": 1631841021.9852843, "timestamps": [1631841023.9786024], "episode_lengths": [148], "episode_rewards": [-148.0], "episode_types": ["t"]}