{"initial_reset_timestamp": 1631840139.0324516, "timestamps": [1631840140.4081964], "episode_lengths": [93], "episode_rewards": [-92.0], "episode_types": ["t"]}