{"initial_reset_timestamp": 1631841308.9151018, "timestamps": [1631841310.3655896], "episode_lengths": [98], "episode_rewards": [-98.0], "episode_types": ["t"]}