{"initial_reset_timestamp": 1631840979.191593, "timestamps": [1631840980.922706], "episode_lengths": [128], "episode_rewards": [-128.0], "episode_types": ["t"]}