{"initial_reset_timestamp": 1631841213.6622038, "timestamps": [1631841215.618182], "episode_lengths": [136], "episode_rewards": [-136.0], "episode_types": ["t"]}