{"initial_reset_timestamp": 1631839842.6399586, "timestamps": [1631839843.7894955], "episode_lengths": [82], "episode_rewards": [-81.0], "episode_types": ["t"]}