{"initial_reset_timestamp": 1631841245.2714996, "timestamps": [1631841247.009222], "episode_lengths": [122], "episode_rewards": [-122.0], "episode_types": ["t"]}