{"initial_reset_timestamp": 1631840516.30395, "timestamps": [1631840518.833111], "episode_lengths": [200], "episode_rewards": [-200.0], "episode_types": ["t"]}