{"initial_reset_timestamp": 1631839960.700809, "timestamps": [1631839961.7736468], "episode_lengths": [72], "episode_rewards": [-71.0], "episode_types": ["t"]}