{"initial_reset_timestamp": 1631840291.1790972, "timestamps": [1631840292.532904], "episode_lengths": [85], "episode_rewards": [-84.0], "episode_types": ["t"]}