{"initial_reset_timestamp": 1631841360.5820117, "timestamps": [1631841363.1061502], "episode_lengths": [181], "episode_rewards": [-181.0], "episode_types": ["t"]}