{"initial_reset_timestamp": 1631839959.3331351, "timestamps": [1631839960.513948], "episode_lengths": [77], "episode_rewards": [-76.0], "episode_types": ["t"]}