{"initial_reset_timestamp": 1631839587.686575, "timestamps": [1631839592.6146986], "episode_lengths": [412], "episode_rewards": [-411.0], "episode_types": ["t"]}