{"initial_reset_timestamp": 1631839674.9865406, "timestamps": [1631839676.3598695], "episode_lengths": [100], "episode_rewards": [-99.0], "episode_types": ["t"]}