{"initial_reset_timestamp": 1631840021.3060532, "timestamps": [1631840022.6982474], "episode_lengths": [98], "episode_rewards": [-97.0], "episode_types": ["t"]}