{"initial_reset_timestamp": 1631840421.968287, "timestamps": [1631840424.3561716], "episode_lengths": [200], "episode_rewards": [-200.0], "episode_types": ["t"]}