{"initial_reset_timestamp": 1631839663.8206868, "timestamps": [1631839665.5434837], "episode_lengths": [127], "episode_rewards": [-126.0], "episode_types": ["t"]}