{"initial_reset_timestamp": 1631840811.275366, "timestamps": [1631840813.5285695], "episode_lengths": [178], "episode_rewards": [-178.0], "episode_types": ["t"]}