{"initial_reset_timestamp": 1631840808.666621, "timestamps": [1631840811.1568773], "episode_lengths": [200], "episode_rewards": [-200.0], "episode_types": ["t"]}