{"initial_reset_timestamp": 1631840049.421098, "timestamps": [1631840051.952364], "episode_lengths": [181], "episode_rewards": [-180.0], "episode_types": ["t"]}