{"initial_reset_timestamp": 1631841174.999509, "timestamps": [1631841177.6032262], "episode_lengths": [189], "episode_rewards": [-189.0], "episode_types": ["t"]}