{"initial_reset_timestamp": 1631840283.7047663, "timestamps": [1631840284.929048], "episode_lengths": [80], "episode_rewards": [-79.0], "episode_types": ["t"]}