{"initial_reset_timestamp": 1631839715.854948, "timestamps": [1631839717.3100326], "episode_lengths": [108], "episode_rewards": [-107.0], "episode_types": ["t"]}