{"initial_reset_timestamp": 1631841443.0313334, "timestamps": [1631841444.3957672], "episode_lengths": [92], "episode_rewards": [-92.0], "episode_types": ["t"]}