{"initial_reset_timestamp": 1631839770.6578934, "timestamps": [1631839771.8948157], "episode_lengths": [84], "episode_rewards": [-83.0], "episode_types": ["t"]}