{"initial_reset_timestamp": 1631841319.4861655, "timestamps": [1631841321.4725044], "episode_lengths": [139], "episode_rewards": [-139.0], "episode_types": ["t"]}