{"initial_reset_timestamp": 1631840140.5966887, "timestamps": [1631840141.718615], "episode_lengths": [72], "episode_rewards": [-71.0], "episode_types": ["t"]}