{"initial_reset_timestamp": 1631841060.4027987, "timestamps": [1631841062.25725], "episode_lengths": [136], "episode_rewards": [-136.0], "episode_types": ["t"]}