{"initial_reset_timestamp": 1631840143.0567918, "timestamps": [1631840144.4129772], "episode_lengths": [92], "episode_rewards": [-91.0], "episode_types": ["t"]}