{"initial_reset_timestamp": 1631840660.6896732, "timestamps": [1631840663.1543558], "episode_lengths": [200], "episode_rewards": [-200.0], "episode_types": ["t"]}