{"initial_reset_timestamp": 1631841087.1510515, "timestamps": [1631841088.7182453], "episode_lengths": [112], "episode_rewards": [-112.0], "episode_types": ["t"]}