{"initial_reset_timestamp": 1631839889.6110373, "timestamps": [1631839891.033887], "episode_lengths": [96], "episode_rewards": [-95.0], "episode_types": ["t"]}