{"initial_reset_timestamp": 1631841388.9252765, "timestamps": [1631841391.225195], "episode_lengths": [168], "episode_rewards": [-168.0], "episode_types": ["t"]}