{"initial_reset_timestamp": 1631839820.3251119, "timestamps": [1631839821.5027273], "episode_lengths": [84], "episode_rewards": [-83.0], "episode_types": ["t"]}