{"initial_reset_timestamp": 1631840199.4764936, "timestamps": [1631840200.6062264], "episode_lengths": [71], "episode_rewards": [-70.0], "episode_types": ["t"]}