{"initial_reset_timestamp": 1631840409.2169628, "timestamps": [1631840411.660395], "episode_lengths": [200], "episode_rewards": [-200.0], "episode_types": ["t"]}