{"initial_reset_timestamp": 1631840760.7971056, "timestamps": [1631840763.2851167], "episode_lengths": [200], "episode_rewards": [-200.0], "episode_types": ["t"]}