{"initial_reset_timestamp": 1631840389.0048409, "timestamps": [1631840391.37996], "episode_lengths": [200], "episode_rewards": [-200.0], "episode_types": ["t"]}