{"initial_reset_timestamp": 1631840206.6894226, "timestamps": [1631840208.0264254], "episode_lengths": [83], "episode_rewards": [-82.0], "episode_types": ["t"]}