{"initial_reset_timestamp": 1631841140.0518205, "timestamps": [1631841141.8657277], "episode_lengths": [136], "episode_rewards": [-136.0], "episode_types": ["t"]}