{"initial_reset_timestamp": 1631839977.7393346, "timestamps": [1631839978.9985514], "episode_lengths": [90], "episode_rewards": [-89.0], "episode_types": ["t"]}