{"initial_reset_timestamp": 1631841145.954933, "timestamps": [1631841147.5404708], "episode_lengths": [115], "episode_rewards": [-115.0], "episode_types": ["t"]}