{"initial_reset_timestamp": 1631840114.1865427, "timestamps": [1631840115.485749], "episode_lengths": [87], "episode_rewards": [-86.0], "episode_types": ["t"]}