{"initial_reset_timestamp": 1631839574.2823672, "timestamps": [1631839575.954986], "episode_lengths": [121], "episode_rewards": [-120.0], "episode_types": ["t"]}