{"initial_reset_timestamp": 1631839955.1451457, "timestamps": [1631839956.3993936], "episode_lengths": [88], "episode_rewards": [-87.0], "episode_types": ["t"]}