{"initial_reset_timestamp": 1631840532.296376, "timestamps": [1631840534.8492165], "episode_lengths": [200], "episode_rewards": [-200.0], "episode_types": ["t"]}