{"initial_reset_timestamp": 1631839944.477743, "timestamps": [1631839945.5806732], "episode_lengths": [76], "episode_rewards": [-75.0], "episode_types": ["t"]}