{"initial_reset_timestamp": 1631841255.0518365, "timestamps": [1631841257.1472266], "episode_lengths": [148], "episode_rewards": [-148.0], "episode_types": ["t"]}