{"initial_reset_timestamp": 1631841266.2246237, "timestamps": [1631841268.9190562], "episode_lengths": [200], "episode_rewards": [-200.0], "episode_types": ["t"]}