{"initial_reset_timestamp": 1631839849.4317486, "timestamps": [1631839850.6305943], "episode_lengths": [84], "episode_rewards": [-83.0], "episode_types": ["t"]}