{"initial_reset_timestamp": 1631840857.4086406, "timestamps": [1631840859.9732199], "episode_lengths": [200], "episode_rewards": [-200.0], "episode_types": ["t"]}