{"initial_reset_timestamp": 1631840097.689936, "timestamps": [1631840098.9457433], "episode_lengths": [85], "episode_rewards": [-84.0], "episode_types": ["t"]}