{"initial_reset_timestamp": 1631840028.5173156, "timestamps": [1631840029.635384], "episode_lengths": [75], "episode_rewards": [-74.0], "episode_types": ["t"]}