{"initial_reset_timestamp": 1631839981.8912017, "timestamps": [1631839983.742746], "episode_lengths": [129], "episode_rewards": [-128.0], "episode_types": ["t"]}