{"initial_reset_timestamp": 1631841085.1430674, "timestamps": [1631841087.0240664], "episode_lengths": [141], "episode_rewards": [-141.0], "episode_types": ["t"]}