{"initial_reset_timestamp": 1631839672.3859732, "timestamps": [1631839674.8126154], "episode_lengths": [184], "episode_rewards": [-183.0], "episode_types": ["t"]}