{"initial_reset_timestamp": 1631841004.6440785, "timestamps": [1631841006.465173], "episode_lengths": [128], "episode_rewards": [-128.0], "episode_types": ["t"]}