{"initial_reset_timestamp": 1631840031.4218712, "timestamps": [1631840032.603696], "episode_lengths": [83], "episode_rewards": [-82.0], "episode_types": ["t"]}