{"initial_reset_timestamp": 1631839578.7713227, "timestamps": [1631839581.3040123], "episode_lengths": [201], "episode_rewards": [-200.0], "episode_types": ["t"]}