{"initial_reset_timestamp": 1631840107.0598588, "timestamps": [1631840108.2656193], "episode_lengths": [83], "episode_rewards": [-82.0], "episode_types": ["t"]}