{"initial_reset_timestamp": 1631839515.0372689, "timestamps": [1631839518.5674624], "episode_lengths": [295], "episode_rewards": [-294.0], "episode_types": ["t"]}