{"initial_reset_timestamp": 1631841278.5991433, "timestamps": [1631841280.2997553], "episode_lengths": [113], "episode_rewards": [-113.0], "episode_types": ["t"]}