{"initial_reset_timestamp": 1631841180.9658945, "timestamps": [1631841182.5596359], "episode_lengths": [106], "episode_rewards": [-106.0], "episode_types": ["t"]}