{"initial_reset_timestamp": 1631839657.9326434, "timestamps": [1631839659.5014365], "episode_lengths": [110], "episode_rewards": [-109.0], "episode_types": ["t"]}