{"initial_reset_timestamp": 1631840945.5105731, "timestamps": [1631840947.0966535], "episode_lengths": [110], "episode_rewards": [-110.0], "episode_types": ["t"]}