{"initial_reset_timestamp": 1631839861.3596265, "timestamps": [1631839862.5752923], "episode_lengths": [87], "episode_rewards": [-86.0], "episode_types": ["t"]}