{"initial_reset_timestamp": 1631840683.9965158, "timestamps": [1631840686.46928], "episode_lengths": [200], "episode_rewards": [-200.0], "episode_types": ["t"]}