{"initial_reset_timestamp": 1631840188.2124631, "timestamps": [1631840189.4344313], "episode_lengths": [80], "episode_rewards": [-79.0], "episode_types": ["t"]}