{"initial_reset_timestamp": 1631841446.1565166, "timestamps": [1631841448.371077], "episode_lengths": [162], "episode_rewards": [-162.0], "episode_types": ["t"]}