{"initial_reset_timestamp": 1631841358.264792, "timestamps": [1631841360.459134], "episode_lengths": [161], "episode_rewards": [-161.0], "episode_types": ["t"]}