{"initial_reset_timestamp": 1631840429.4834933, "timestamps": [1631840431.931584], "episode_lengths": [200], "episode_rewards": [-200.0], "episode_types": ["t"]}