{"initial_reset_timestamp": 1631839917.1713014, "timestamps": [1631839918.3506083], "episode_lengths": [83], "episode_rewards": [-82.0], "episode_types": ["t"]}