{"initial_reset_timestamp": 1631841259.045999, "timestamps": [1631841260.3637664], "episode_lengths": [88], "episode_rewards": [-88.0], "episode_types": ["t"]}