{"initial_reset_timestamp": 1631840344.3627276, "timestamps": [1631840346.7675495], "episode_lengths": [200], "episode_rewards": [-200.0], "episode_types": ["t"]}