{"initial_reset_timestamp": 1631839808.3457527, "timestamps": [1631839809.6823635], "episode_lengths": [94], "episode_rewards": [-93.0], "episode_types": ["t"]}