{"initial_reset_timestamp": 1631839898.1377952, "timestamps": [1631839899.3901827], "episode_lengths": [90], "episode_rewards": [-89.0], "episode_types": ["t"]}