{"initial_reset_timestamp": 1631840391.4871836, "timestamps": [1631840393.92906], "episode_lengths": [200], "episode_rewards": [-200.0], "episode_types": ["t"]}