{"initial_reset_timestamp": 1631840078.8325186, "timestamps": [1631840079.9559374], "episode_lengths": [77], "episode_rewards": [-76.0], "episode_types": ["t"]}