{"initial_reset_timestamp": 1631841351.3445592, "timestamps": [1631841354.0295827], "episode_lengths": [195], "episode_rewards": [-195.0], "episode_types": ["t"]}