{"initial_reset_timestamp": 1631841467.6365058, "timestamps": [1631841469.1302056], "episode_lengths": [98], "episode_rewards": [-98.0], "episode_types": ["t"]}