{"initial_reset_timestamp": 1631839676.539312, "timestamps": [1631839678.958563], "episode_lengths": [184], "episode_rewards": [-183.0], "episode_types": ["t"]}