{"initial_reset_timestamp": 1631840093.5607357, "timestamps": [1631840094.6181343], "episode_lengths": [70], "episode_rewards": [-69.0], "episode_types": ["t"]}