{"initial_reset_timestamp": 1631841262.2192645, "timestamps": [1631841264.2483537], "episode_lengths": [141], "episode_rewards": [-141.0], "episode_types": ["t"]}