{"initial_reset_timestamp": 1631840763.3983858, "timestamps": [1631840765.8708344], "episode_lengths": [200], "episode_rewards": [-200.0], "episode_types": ["t"]}