{"initial_reset_timestamp": 1631840270.4701588, "timestamps": [1631840271.8066313], "episode_lengths": [79], "episode_rewards": [-78.0], "episode_types": ["t"]}