{"initial_reset_timestamp": 1631840324.8658528, "timestamps": [1631840326.053212], "episode_lengths": [78], "episode_rewards": [-77.0], "episode_types": ["t"]}