{"initial_reset_timestamp": 1631839923.3512673, "timestamps": [1631839924.7244616], "episode_lengths": [96], "episode_rewards": [-95.0], "episode_types": ["t"]}