{"initial_reset_timestamp": 1631841404.4302258, "timestamps": [1631841405.9758368], "episode_lengths": [108], "episode_rewards": [-108.0], "episode_types": ["t"]}