{"initial_reset_timestamp": 1631839859.8445427, "timestamps": [1631839861.1726346], "episode_lengths": [92], "episode_rewards": [-91.0], "episode_types": ["t"]}