{"initial_reset_timestamp": 1631840903.8168182, "timestamps": [1631840905.5530899], "episode_lengths": [125], "episode_rewards": [-125.0], "episode_types": ["t"]}