{"initial_reset_timestamp": 1631840008.0853333, "timestamps": [1631840009.229047], "episode_lengths": [77], "episode_rewards": [-76.0], "episode_types": ["t"]}