{"initial_reset_timestamp": 1631840195.368531, "timestamps": [1631840196.4772613], "episode_lengths": [73], "episode_rewards": [-72.0], "episode_types": ["t"]}