{"initial_reset_timestamp": 1631839855.5184484, "timestamps": [1631839856.7642715], "episode_lengths": [85], "episode_rewards": [-84.0], "episode_types": ["t"]}