{"initial_reset_timestamp": 1631841186.5713408, "timestamps": [1631841188.1797392], "episode_lengths": [111], "episode_rewards": [-111.0], "episode_types": ["t"]}