{"initial_reset_timestamp": 1631840022.8925755, "timestamps": [1631840024.0213847], "episode_lengths": [77], "episode_rewards": [-76.0], "episode_types": ["t"]}