{"initial_reset_timestamp": 1631841365.0279698, "timestamps": [1631841367.1915638], "episode_lengths": [154], "episode_rewards": [-154.0], "episode_types": ["t"]}