{"initial_reset_timestamp": 1631839805.6532454, "timestamps": [1631839806.7718172], "episode_lengths": [75], "episode_rewards": [-74.0], "episode_types": ["t"]}