{"initial_reset_timestamp": 1631839998.170209, "timestamps": [1631839999.5324724], "episode_lengths": [96], "episode_rewards": [-95.0], "episode_types": ["t"]}