{"initial_reset_timestamp": 1631839763.0175185, "timestamps": [1631839764.1225843], "episode_lengths": [76], "episode_rewards": [-75.0], "episode_types": ["t"]}