{"initial_reset_timestamp": 1631840184.0477686, "timestamps": [1631840185.2088914], "episode_lengths": [75], "episode_rewards": [-74.0], "episode_types": ["t"]}