{"initial_reset_timestamp": 1631839839.639276, "timestamps": [1631839840.5735948], "episode_lengths": [63], "episode_rewards": [-62.0], "episode_types": ["t"]}