{"initial_reset_timestamp": 1631840152.1932118, "timestamps": [1631840153.3880873], "episode_lengths": [81], "episode_rewards": [-80.0], "episode_types": ["t"]}