{"initial_reset_timestamp": 1631840869.8129764, "timestamps": [1631840872.4333708], "episode_lengths": [200], "episode_rewards": [-200.0], "episode_types": ["t"]}