{"initial_reset_timestamp": 1631840458.759961, "timestamps": [1631840461.3102515], "episode_lengths": [200], "episode_rewards": [-200.0], "episode_types": ["t"]}