{"initial_reset_timestamp": 1631840795.3765564, "timestamps": [1631840797.9655216], "episode_lengths": [200], "episode_rewards": [-200.0], "episode_types": ["t"]}