{"initial_reset_timestamp": 1631840038.5957851, "timestamps": [1631840040.710427], "episode_lengths": [146], "episode_rewards": [-145.0], "episode_types": ["t"]}