{"initial_reset_timestamp": 1631840792.6806602, "timestamps": [1631840795.233675], "episode_lengths": [200], "episode_rewards": [-200.0], "episode_types": ["t"]}