{"initial_reset_timestamp": 1631840787.3373942, "timestamps": [1631840789.9051952], "episode_lengths": [200], "episode_rewards": [-200.0], "episode_types": ["t"]}