{"initial_reset_timestamp": 1631839730.0865295, "timestamps": [1631839731.6976743], "episode_lengths": [119], "episode_rewards": [-118.0], "episode_types": ["t"]}