{"initial_reset_timestamp": 1631839936.7804637, "timestamps": [1631839937.9756823], "episode_lengths": [83], "episode_rewards": [-82.0], "episode_types": ["t"]}