{"initial_reset_timestamp": 1631841336.6312146, "timestamps": [1631841338.1069329], "episode_lengths": [101], "episode_rewards": [-101.0], "episode_types": ["t"]}