{"initial_reset_timestamp": 1631840781.9163666, "timestamps": [1631840784.4913187], "episode_lengths": [200], "episode_rewards": [-200.0], "episode_types": ["t"]}