{"initial_reset_timestamp": 1631839690.9011889, "timestamps": [1631839693.4171016], "episode_lengths": [192], "episode_rewards": [-191.0], "episode_types": ["t"]}