{"initial_reset_timestamp": 1631840341.8484974, "timestamps": [1631840344.2445972], "episode_lengths": [200], "episode_rewards": [-200.0], "episode_types": ["t"]}