{"initial_reset_timestamp": 1631839928.2255766, "timestamps": [1631839929.5758545], "episode_lengths": [96], "episode_rewards": [-95.0], "episode_types": ["t"]}