{"initial_reset_timestamp": 1631839748.6161602, "timestamps": [1631839750.4522479], "episode_lengths": [138], "episode_rewards": [-137.0], "episode_types": ["t"]}