{"initial_reset_timestamp": 1631840464.1590595, "timestamps": [1631840466.587858], "episode_lengths": [200], "episode_rewards": [-200.0], "episode_types": ["t"]}