{"initial_reset_timestamp": 1631841069.5057833, "timestamps": [1631841070.9749808], "episode_lengths": [103], "episode_rewards": [-103.0], "episode_types": ["t"]}