{"initial_reset_timestamp": 1631839926.8049538, "timestamps": [1631839928.0469184], "episode_lengths": [86], "episode_rewards": [-85.0], "episode_types": ["t"]}