{"initial_reset_timestamp": 1631841172.5584872, "timestamps": [1631841174.8805146], "episode_lengths": [165], "episode_rewards": [-165.0], "episode_types": ["t"]}