{"initial_reset_timestamp": 1631840426.9424467, "timestamps": [1631840429.34666], "episode_lengths": [200], "episode_rewards": [-200.0], "episode_types": ["t"]}