{"initial_reset_timestamp": 1631839885.1758556, "timestamps": [1631839886.541002], "episode_lengths": [95], "episode_rewards": [-94.0], "episode_types": ["t"]}