{"initial_reset_timestamp": 1631840279.4425979, "timestamps": [1631840280.7658525], "episode_lengths": [87], "episode_rewards": [-86.0], "episode_types": ["t"]}