{"initial_reset_timestamp": 1631839939.6443653, "timestamps": [1631839941.2450166], "episode_lengths": [111], "episode_rewards": [-110.0], "episode_types": ["t"]}