{"initial_reset_timestamp": 1631839799.0353997, "timestamps": [1631839800.1274574], "episode_lengths": [74], "episode_rewards": [-73.0], "episode_types": ["t"]}