{"initial_reset_timestamp": 1631841471.5567248, "timestamps": [1631841473.5577455], "episode_lengths": [146], "episode_rewards": [-146.0], "episode_types": ["t"]}