{"initial_reset_timestamp": 1631840739.6267717, "timestamps": [1631840742.1889224], "episode_lengths": [200], "episode_rewards": [-200.0], "episode_types": ["t"]}