{"initial_reset_timestamp": 1631839913.061644, "timestamps": [1631839914.0410354], "episode_lengths": [63], "episode_rewards": [-62.0], "episode_types": ["t"]}