{"initial_reset_timestamp": 1631841155.5792305, "timestamps": [1631841157.1970456], "episode_lengths": [113], "episode_rewards": [-113.0], "episode_types": ["t"]}