{"initial_reset_timestamp": 1631840500.6612248, "timestamps": [1631840503.2185397], "episode_lengths": [200], "episode_rewards": [-200.0], "episode_types": ["t"]}