{"initial_reset_timestamp": 1631839726.6676352, "timestamps": [1631839728.4815938], "episode_lengths": [133], "episode_rewards": [-132.0], "episode_types": ["t"]}