{"initial_reset_timestamp": 1631840084.8001847, "timestamps": [1631840086.0046535], "episode_lengths": [82], "episode_rewards": [-81.0], "episode_types": ["t"]}