{"initial_reset_timestamp": 1631840771.4111474, "timestamps": [1631840774.0020385], "episode_lengths": [200], "episode_rewards": [-200.0], "episode_types": ["t"]}