{"initial_reset_timestamp": 1631839882.4812925, "timestamps": [1631839883.501099], "episode_lengths": [70], "episode_rewards": [-69.0], "episode_types": ["t"]}