{"initial_reset_timestamp": 1631840437.3605883, "timestamps": [1631840439.8593109], "episode_lengths": [200], "episode_rewards": [-200.0], "episode_types": ["t"]}