{"initial_reset_timestamp": 1631839645.176425, "timestamps": [1631839648.1452374], "episode_lengths": [223], "episode_rewards": [-222.0], "episode_types": ["t"]}