{"initial_reset_timestamp": 1631839735.8333702, "timestamps": [1631839737.4852507], "episode_lengths": [122], "episode_rewards": [-121.0], "episode_types": ["t"]}