{"initial_reset_timestamp": 1631839795.119971, "timestamps": [1631839796.1164544], "episode_lengths": [69], "episode_rewards": [-68.0], "episode_types": ["t"]}