{"initial_reset_timestamp": 1631841179.5171728, "timestamps": [1631841180.8478653], "episode_lengths": [89], "episode_rewards": [-89.0], "episode_types": ["t"]}