{"initial_reset_timestamp": 1631840920.2652845, "timestamps": [1631840922.8729184], "episode_lengths": [200], "episode_rewards": [-200.0], "episode_types": ["t"]}