{"initial_reset_timestamp": 1631839741.7336268, "timestamps": [1631839742.9368181], "episode_lengths": [85], "episode_rewards": [-84.0], "episode_types": ["t"]}