{"initial_reset_timestamp": 1631839935.2527478, "timestamps": [1631839936.5943315], "episode_lengths": [93], "episode_rewards": [-92.0], "episode_types": ["t"]}