{"initial_reset_timestamp": 1631840731.6367228, "timestamps": [1631840734.1796052], "episode_lengths": [200], "episode_rewards": [-200.0], "episode_types": ["t"]}