{"initial_reset_timestamp": 1631841402.5820837, "timestamps": [1631841404.3178997], "episode_lengths": [122], "episode_rewards": [-122.0], "episode_types": ["t"]}