{"initial_reset_timestamp": 1631840053.8090537, "timestamps": [1631840055.0396438], "episode_lengths": [80], "episode_rewards": [-79.0], "episode_types": ["t"]}