{"initial_reset_timestamp": 1631839550.22036, "timestamps": [1631839552.5735292], "episode_lengths": [191], "episode_rewards": [-190.0], "episode_types": ["t"]}