{"initial_reset_timestamp": 1631841384.177112, "timestamps": [1631841386.6642058], "episode_lengths": [179], "episode_rewards": [-179.0], "episode_types": ["t"]}