{"initial_reset_timestamp": 1631840147.9480023, "timestamps": [1631840149.3660688], "episode_lengths": [97], "episode_rewards": [-96.0], "episode_types": ["t"]}