{"initial_reset_timestamp": 1631839637.5585203, "timestamps": [1631839640.2467892], "episode_lengths": [207], "episode_rewards": [-206.0], "episode_types": ["t"]}