{"initial_reset_timestamp": 1631840285.1262257, "timestamps": [1631840286.6375499], "episode_lengths": [102], "episode_rewards": [-101.0], "episode_types": ["t"]}