{"initial_reset_timestamp": 1631841177.745658, "timestamps": [1631841179.387938], "episode_lengths": [112], "episode_rewards": [-112.0], "episode_types": ["t"]}