{"initial_reset_timestamp": 1631841307.5361052, "timestamps": [1631841308.796753], "episode_lengths": [85], "episode_rewards": [-85.0], "episode_types": ["t"]}