{"initial_reset_timestamp": 1631841323.7389352, "timestamps": [1631841326.4129732], "episode_lengths": [196], "episode_rewards": [-196.0], "episode_types": ["t"]}