{"initial_reset_timestamp": 1631839712.6924734, "timestamps": [1631839714.0642383], "episode_lengths": [99], "episode_rewards": [-98.0], "episode_types": ["t"]}