{"initial_reset_timestamp": 1631840813.644366, "timestamps": [1631840816.1419892], "episode_lengths": [200], "episode_rewards": [-200.0], "episode_types": ["t"]}