{"initial_reset_timestamp": 1631841378.0453088, "timestamps": [1631841380.1143212], "episode_lengths": [145], "episode_rewards": [-145.0], "episode_types": ["t"]}