{"initial_reset_timestamp": 1631841395.6247134, "timestamps": [1631841397.8586783], "episode_lengths": [159], "episode_rewards": [-159.0], "episode_types": ["t"]}