{"initial_reset_timestamp": 1631840623.9766498, "timestamps": [1631840626.509318], "episode_lengths": [200], "episode_rewards": [-200.0], "episode_types": ["t"]}