{"initial_reset_timestamp": 1631840203.6103506, "timestamps": [1631840204.9738462], "episode_lengths": [91], "episode_rewards": [-90.0], "episode_types": ["t"]}