{"initial_reset_timestamp": 1631839945.7714481, "timestamps": [1631839947.107474], "episode_lengths": [95], "episode_rewards": [-94.0], "episode_types": ["t"]}