{"initial_reset_timestamp": 1631840228.4137285, "timestamps": [1631840229.6695268], "episode_lengths": [82], "episode_rewards": [-81.0], "episode_types": ["t"]}