{"initial_reset_timestamp": 1631840160.6688597, "timestamps": [1631840161.9685469], "episode_lengths": [84], "episode_rewards": [-83.0], "episode_types": ["t"]}