{"initial_reset_timestamp": 1631840878.0897424, "timestamps": [1631840880.7807465], "episode_lengths": [200], "episode_rewards": [-200.0], "episode_types": ["t"]}