{"initial_reset_timestamp": 1631840860.121561, "timestamps": [1631840861.8105993], "episode_lengths": [124], "episode_rewards": [-124.0], "episode_types": ["t"]}