{"initial_reset_timestamp": 1631839788.2771127, "timestamps": [1631839789.3031187], "episode_lengths": [71], "episode_rewards": [-70.0], "episode_types": ["t"]}