{"initial_reset_timestamp": 1631840613.4710324, "timestamps": [1631840615.964102], "episode_lengths": [200], "episode_rewards": [-200.0], "episode_types": ["t"]}