{"initial_reset_timestamp": 1631839722.4826868, "timestamps": [1631839723.4870455], "episode_lengths": [69], "episode_rewards": [-68.0], "episode_types": ["t"]}