{"initial_reset_timestamp": 1631840803.3687367, "timestamps": [1631840805.9119306], "episode_lengths": [200], "episode_rewards": [-200.0], "episode_types": ["t"]}