{"initial_reset_timestamp": 1631840157.627338, "timestamps": [1631840158.9164953], "episode_lengths": [85], "episode_rewards": [-84.0], "episode_types": ["t"]}