{"initial_reset_timestamp": 1631840313.059391, "timestamps": [1631840314.4183936], "episode_lengths": [84], "episode_rewards": [-83.0], "episode_types": ["t"]}