{"initial_reset_timestamp": 1631840642.3440366, "timestamps": [1631840644.8517432], "episode_lengths": [200], "episode_rewards": [-200.0], "episode_types": ["t"]}