{"initial_reset_timestamp": 1631840558.5147684, "timestamps": [1631840560.9056933], "episode_lengths": [200], "episode_rewards": [-200.0], "episode_types": ["t"]}