{"initial_reset_timestamp": 1631840571.6101398, "timestamps": [1631840574.02927], "episode_lengths": [200], "episode_rewards": [-200.0], "episode_types": ["t"]}