{"initial_reset_timestamp": 1631841290.8435729, "timestamps": [1631841293.0134907], "episode_lengths": [159], "episode_rewards": [-159.0], "episode_types": ["t"]}