{"initial_reset_timestamp": 1631839537.9802275, "timestamps": [1631839542.348916], "episode_lengths": [360], "episode_rewards": [-359.0], "episode_types": ["t"]}