{"initial_reset_timestamp": 1631840474.7193444, "timestamps": [1631840477.186705], "episode_lengths": [200], "episode_rewards": [-200.0], "episode_types": ["t"]}