{"initial_reset_timestamp": 1631840513.6403446, "timestamps": [1631840516.1887393], "episode_lengths": [200], "episode_rewards": [-200.0], "episode_types": ["t"]}