{"initial_reset_timestamp": 1631840450.6582885, "timestamps": [1631840453.1638582], "episode_lengths": [200], "episode_rewards": [-200.0], "episode_types": ["t"]}