{"initial_reset_timestamp": 1631840146.0894313, "timestamps": [1631840147.7644858], "episode_lengths": [118], "episode_rewards": [-117.0], "episode_types": ["t"]}