{"initial_reset_timestamp": 1631839929.7669086, "timestamps": [1631839930.8512437], "episode_lengths": [76], "episode_rewards": [-75.0], "episode_types": ["t"]}