{"initial_reset_timestamp": 1631839906.4775002, "timestamps": [1631839907.8585196], "episode_lengths": [97], "episode_rewards": [-96.0], "episode_types": ["t"]}