{"initial_reset_timestamp": 1631840275.0118115, "timestamps": [1631840276.3401747], "episode_lengths": [86], "episode_rewards": [-85.0], "episode_types": ["t"]}