{"initial_reset_timestamp": 1631840292.737773, "timestamps": [1631840294.1037226], "episode_lengths": [89], "episode_rewards": [-88.0], "episode_types": ["t"]}