{"initial_reset_timestamp": 1631839880.599515, "timestamps": [1631839882.2918434], "episode_lengths": [126], "episode_rewards": [-125.0], "episode_types": ["t"]}