{"initial_reset_timestamp": 1631839823.2064362, "timestamps": [1631839824.9334784], "episode_lengths": [126], "episode_rewards": [-125.0], "episode_types": ["t"]}