{"initial_reset_timestamp": 1631840461.4292216, "timestamps": [1631840464.0358918], "episode_lengths": [200], "episode_rewards": [-200.0], "episode_types": ["t"]}