{"initial_reset_timestamp": 1631840655.5591078, "timestamps": [1631840658.0546398], "episode_lengths": [200], "episode_rewards": [-200.0], "episode_types": ["t"]}