{"initial_reset_timestamp": 1631840742.3140502, "timestamps": [1631840744.80761], "episode_lengths": [200], "episode_rewards": [-200.0], "episode_types": ["t"]}