{"initial_reset_timestamp": 1631839953.9855695, "timestamps": [1631839954.9848192], "episode_lengths": [64], "episode_rewards": [-63.0], "episode_types": ["t"]}