{"initial_reset_timestamp": 1631841317.9850707, "timestamps": [1631841319.3672738], "episode_lengths": [94], "episode_rewards": [-94.0], "episode_types": ["t"]}