{"initial_reset_timestamp": 1631840569.115035, "timestamps": [1631840571.5071058], "episode_lengths": [200], "episode_rewards": [-200.0], "episode_types": ["t"]}