{"initial_reset_timestamp": 1631840090.4513855, "timestamps": [1631840091.6107976], "episode_lengths": [75], "episode_rewards": [-74.0], "episode_types": ["t"]}