{"initial_reset_timestamp": 1631839640.443261, "timestamps": [1631839642.2489233], "episode_lengths": [136], "episode_rewards": [-135.0], "episode_types": ["t"]}