{"initial_reset_timestamp": 1631841192.5207183, "timestamps": [1631841194.5112138], "episode_lengths": [143], "episode_rewards": [-143.0], "episode_types": ["t"]}