{"initial_reset_timestamp": 1631840191.0026093, "timestamps": [1631840192.2135582], "episode_lengths": [74], "episode_rewards": [-73.0], "episode_types": ["t"]}