{"initial_reset_timestamp": 1631840940.7865767, "timestamps": [1631840942.6506023], "episode_lengths": [133], "episode_rewards": [-133.0], "episode_types": ["t"]}