{"initial_reset_timestamp": 1631840989.8702998, "timestamps": [1631840991.7660909], "episode_lengths": [141], "episode_rewards": [-141.0], "episode_types": ["t"]}