{"initial_reset_timestamp": 1631839772.0675914, "timestamps": [1631839773.6559536], "episode_lengths": [114], "episode_rewards": [-113.0], "episode_types": ["t"]}