{"initial_reset_timestamp": 1631839682.7878168, "timestamps": [1631839684.195423], "episode_lengths": [104], "episode_rewards": [-103.0], "episode_types": ["t"]}