{"initial_reset_timestamp": 1631840006.4182923, "timestamps": [1631840007.9064598], "episode_lengths": [106], "episode_rewards": [-105.0], "episode_types": ["t"]}