{"initial_reset_timestamp": 1631840880.8873804, "timestamps": [1631840883.4539692], "episode_lengths": [200], "episode_rewards": [-200.0], "episode_types": ["t"]}