{"initial_reset_timestamp": 1631841271.03995, "timestamps": [1631841273.2110083], "episode_lengths": [150], "episode_rewards": [-150.0], "episode_types": ["t"]}