{"initial_reset_timestamp": 1631840844.9083588, "timestamps": [1631840847.5151951], "episode_lengths": [200], "episode_rewards": [-200.0], "episode_types": ["t"]}