{"initial_reset_timestamp": 1631841034.2693195, "timestamps": [1631841035.8873534], "episode_lengths": [115], "episode_rewards": [-115.0], "episode_types": ["t"]}