{"initial_reset_timestamp": 1631840104.0427043, "timestamps": [1631840105.6276891], "episode_lengths": [105], "episode_rewards": [-104.0], "episode_types": ["t"]}