{"initial_reset_timestamp": 1631839868.5802133, "timestamps": [1631839869.767072], "episode_lengths": [79], "episode_rewards": [-78.0], "episode_types": ["t"]}