{"initial_reset_timestamp": 1631840336.3260188, "timestamps": [1631840337.5225894], "episode_lengths": [74], "episode_rewards": [-73.0], "episode_types": ["t"]}