{"initial_reset_timestamp": 1631840616.076218, "timestamps": [1631840618.5106254], "episode_lengths": [200], "episode_rewards": [-200.0], "episode_types": ["t"]}