{"initial_reset_timestamp": 1631839477.8821397, "timestamps": [1631839483.8465526], "episode_lengths": [500], "episode_rewards": [-500.0], "episode_types": ["t"]}