{"initial_reset_timestamp": 1631840469.4534674, "timestamps": [1631840471.9550157], "episode_lengths": [200], "episode_rewards": [-200.0], "episode_types": ["t"]}