{"initial_reset_timestamp": 1631839796.3446546, "timestamps": [1631839798.8656394], "episode_lengths": [188], "episode_rewards": [-187.0], "episode_types": ["t"]}