{"initial_reset_timestamp": 1631840171.0042126, "timestamps": [1631840172.5492473], "episode_lengths": [107], "episode_rewards": [-106.0], "episode_types": ["t"]}