{"initial_reset_timestamp": 1631840837.0557265, "timestamps": [1631840839.6696138], "episode_lengths": [200], "episode_rewards": [-200.0], "episode_types": ["t"]}