{"initial_reset_timestamp": 1631840002.2831888, "timestamps": [1631840003.3212214], "episode_lengths": [71], "episode_rewards": [-70.0], "episode_types": ["t"]}