{"initial_reset_timestamp": 1631841076.1388707, "timestamps": [1631841077.490679], "episode_lengths": [95], "episode_rewards": [-95.0], "episode_types": ["t"]}