{"initial_reset_timestamp": 1631840498.119411, "timestamps": [1631840500.5389836], "episode_lengths": [200], "episode_rewards": [-200.0], "episode_types": ["t"]}