{"initial_reset_timestamp": 1631841354.1627648, "timestamps": [1631841355.4263742], "episode_lengths": [84], "episode_rewards": [-84.0], "episode_types": ["t"]}