{"initial_reset_timestamp": 1631840424.460661, "timestamps": [1631840426.8368611], "episode_lengths": [200], "episode_rewards": [-200.0], "episode_types": ["t"]}