{"initial_reset_timestamp": 1631840196.6626582, "timestamps": [1631840197.8224053], "episode_lengths": [78], "episode_rewards": [-77.0], "episode_types": ["t"]}