{"initial_reset_timestamp": 1631840485.0622985, "timestamps": [1631840487.5480347], "episode_lengths": [200], "episode_rewards": [-200.0], "episode_types": ["t"]}