{"initial_reset_timestamp": 1631839865.8781402, "timestamps": [1631839866.9532766], "episode_lengths": [75], "episode_rewards": [-74.0], "episode_types": ["t"]}