{"initial_reset_timestamp": 1631841036.005842, "timestamps": [1631841037.9087079], "episode_lengths": [141], "episode_rewards": [-141.0], "episode_types": ["t"]}