{"initial_reset_timestamp": 1631841326.5312045, "timestamps": [1631841328.9697087], "episode_lengths": [179], "episode_rewards": [-179.0], "episode_types": ["t"]}