{"initial_reset_timestamp": 1631839873.487653, "timestamps": [1631839874.6566048], "episode_lengths": [82], "episode_rewards": [-81.0], "episode_types": ["t"]}