{"initial_reset_timestamp": 1631841234.8832617, "timestamps": [1631841236.7723205], "episode_lengths": [138], "episode_rewards": [-138.0], "episode_types": ["t"]}