{"initial_reset_timestamp": 1631839922.0487547, "timestamps": [1631839923.170451], "episode_lengths": [79], "episode_rewards": [-78.0], "episode_types": ["t"]}