{"initial_reset_timestamp": 1631840231.110326, "timestamps": [1631840232.3082347], "episode_lengths": [79], "episode_rewards": [-78.0], "episode_types": ["t"]}