{"initial_reset_timestamp": 1631840209.7914548, "timestamps": [1631840210.9404285], "episode_lengths": [75], "episode_rewards": [-74.0], "episode_types": ["t"]}