{"initial_reset_timestamp": 1631839608.0239322, "timestamps": [1631839610.712478], "episode_lengths": [215], "episode_rewards": [-214.0], "episode_types": ["t"]}