{"initial_reset_timestamp": 1631841211.7669373, "timestamps": [1631841213.533026], "episode_lengths": [124], "episode_rewards": [-124.0], "episode_types": ["t"]}