{"initial_reset_timestamp": 1631839802.8538024, "timestamps": [1631839804.1805959], "episode_lengths": [96], "episode_rewards": [-95.0], "episode_types": ["t"]}