{"initial_reset_timestamp": 1631840678.8463762, "timestamps": [1631840681.3323038], "episode_lengths": [200], "episode_rewards": [-200.0], "episode_types": ["t"]}