{"initial_reset_timestamp": 1631841157.3174927, "timestamps": [1631841159.100585], "episode_lengths": [133], "episode_rewards": [-133.0], "episode_types": ["t"]}