{"initial_reset_timestamp": 1631839852.6761484, "timestamps": [1631839853.8064764], "episode_lengths": [70], "episode_rewards": [-69.0], "episode_types": ["t"]}