{"initial_reset_timestamp": 1631840602.7696755, "timestamps": [1631840605.2968898], "episode_lengths": [200], "episode_rewards": [-200.0], "episode_types": ["t"]}