{"initial_reset_timestamp": 1631839952.6183686, "timestamps": [1631839953.7877874], "episode_lengths": [79], "episode_rewards": [-78.0], "episode_types": ["t"]}