{"initial_reset_timestamp": 1631840694.698987, "timestamps": [1631840697.1571314], "episode_lengths": [190], "episode_rewards": [-190.0], "episode_types": ["t"]}