{"initial_reset_timestamp": 1631841338.2181263, "timestamps": [1631841339.927283], "episode_lengths": [119], "episode_rewards": [-119.0], "episode_types": ["t"]}