{"initial_reset_timestamp": 1631839956.5593455, "timestamps": [1631839957.8166976], "episode_lengths": [92], "episode_rewards": [-91.0], "episode_types": ["t"]}