{"initial_reset_timestamp": 1631841333.134377, "timestamps": [1631841334.8573482], "episode_lengths": [121], "episode_rewards": [-121.0], "episode_types": ["t"]}