{"initial_reset_timestamp": 1631841236.8988638, "timestamps": [1631841239.103582], "episode_lengths": [154], "episode_rewards": [-154.0], "episode_types": ["t"]}