{"initial_reset_timestamp": 1631840563.707135, "timestamps": [1631840566.3200498], "episode_lengths": [200], "episode_rewards": [-200.0], "episode_types": ["t"]}