{"initial_reset_timestamp": 1631841010.4514973, "timestamps": [1631841012.0228493], "episode_lengths": [111], "episode_rewards": [-111.0], "episode_types": ["t"]}