{"initial_reset_timestamp": 1631841264.3707142, "timestamps": [1631841266.0841072], "episode_lengths": [122], "episode_rewards": [-122.0], "episode_types": ["t"]}