{"initial_reset_timestamp": 1631839874.847373, "timestamps": [1631839876.437642], "episode_lengths": [115], "episode_rewards": [-114.0], "episode_types": ["t"]}