{"initial_reset_timestamp": 1631839703.3164616, "timestamps": [1631839704.9794364], "episode_lengths": [125], "episode_rewards": [-124.0], "episode_types": ["t"]}