{"initial_reset_timestamp": 1631840723.8156905, "timestamps": [1631840726.2998574], "episode_lengths": [200], "episode_rewards": [-200.0], "episode_types": ["t"]}