{"initial_reset_timestamp": 1631841101.09645, "timestamps": [1631841103.2315543], "episode_lengths": [157], "episode_rewards": [-157.0], "episode_types": ["t"]}