{"initial_reset_timestamp": 1631840202.182488, "timestamps": [1631840203.4308698], "episode_lengths": [82], "episode_rewards": [-81.0], "episode_types": ["t"]}