{"initial_reset_timestamp": 1631841423.2474422, "timestamps": [1631841424.6919534], "episode_lengths": [98], "episode_rewards": [-98.0], "episode_types": ["t"]}