{"initial_reset_timestamp": 1631840133.1296911, "timestamps": [1631840134.7207785], "episode_lengths": [110], "episode_rewards": [-109.0], "episode_types": ["t"]}