{"initial_reset_timestamp": 1631840681.4796927, "timestamps": [1631840683.8931913], "episode_lengths": [200], "episode_rewards": [-200.0], "episode_types": ["t"]}