{"initial_reset_timestamp": 1631840319.0880573, "timestamps": [1631840320.5222447], "episode_lengths": [97], "episode_rewards": [-96.0], "episode_types": ["t"]}