{"initial_reset_timestamp": 1631840108.4518707, "timestamps": [1631840109.5197797], "episode_lengths": [70], "episode_rewards": [-69.0], "episode_types": ["t"]}