{"initial_reset_timestamp": 1631840386.520517, "timestamps": [1631840388.883143], "episode_lengths": [200], "episode_rewards": [-200.0], "episode_types": ["t"]}