{"initial_reset_timestamp": 1631839942.9181736, "timestamps": [1631839944.297758], "episode_lengths": [98], "episode_rewards": [-97.0], "episode_types": ["t"]}