{"initial_reset_timestamp": 1631841367.3171275, "timestamps": [1631841369.0477014], "episode_lengths": [121], "episode_rewards": [-121.0], "episode_types": ["t"]}