{"initial_reset_timestamp": 1631840276.5434968, "timestamps": [1631840278.021165], "episode_lengths": [100], "episode_rewards": [-99.0], "episode_types": ["t"]}