{"initial_reset_timestamp": 1631839760.0082653, "timestamps": [1631839761.1100214], "episode_lengths": [76], "episode_rewards": [-75.0], "episode_types": ["t"]}