{"initial_reset_timestamp": 1631841068.0878723, "timestamps": [1631841069.3658092], "episode_lengths": [88], "episode_rewards": [-88.0], "episode_types": ["t"]}