{"initial_reset_timestamp": 1631839986.7306418, "timestamps": [1631839987.6916828], "episode_lengths": [64], "episode_rewards": [-63.0], "episode_types": ["t"]}