{"initial_reset_timestamp": 1631841321.5998797, "timestamps": [1631841323.6091955], "episode_lengths": [141], "episode_rewards": [-141.0], "episode_types": ["t"]}