{"initial_reset_timestamp": 1631839778.7698057, "timestamps": [1631839780.025683], "episode_lengths": [89], "episode_rewards": [-88.0], "episode_types": ["t"]}