{"initial_reset_timestamp": 1631841475.5423732, "timestamps": [1631841476.9443223], "episode_lengths": [94], "episode_rewards": [-94.0], "episode_types": ["t"]}