{"initial_reset_timestamp": 1631840883.574138, "timestamps": [1631840885.3165543], "episode_lengths": [126], "episode_rewards": [-126.0], "episode_types": ["t"]}