{"initial_reset_timestamp": 1631839723.6619735, "timestamps": [1631839725.0532393], "episode_lengths": [100], "episode_rewards": [-99.0], "episode_types": ["t"]}