{"initial_reset_timestamp": 1631841074.669627, "timestamps": [1631841076.0208666], "episode_lengths": [94], "episode_rewards": [-94.0], "episode_types": ["t"]}