{"initial_reset_timestamp": 1631839665.7033846, "timestamps": [1631839667.7703047], "episode_lengths": [154], "episode_rewards": [-153.0], "episode_types": ["t"]}