{"initial_reset_timestamp": 1631841434.24882, "timestamps": [1631841436.205742], "episode_lengths": [144], "episode_rewards": [-144.0], "episode_types": ["t"]}