{"initial_reset_timestamp": 1631840314.584905, "timestamps": [1631840315.9028997], "episode_lengths": [85], "episode_rewards": [-84.0], "episode_types": ["t"]}