{"initial_reset_timestamp": 1631841391.371724, "timestamps": [1631841393.4525588], "episode_lengths": [146], "episode_rewards": [-146.0], "episode_types": ["t"]}