{"initial_reset_timestamp": 1631840594.9672074, "timestamps": [1631840597.4998183], "episode_lengths": [200], "episode_rewards": [-200.0], "episode_types": ["t"]}