{"initial_reset_timestamp": 1631840477.3070002, "timestamps": [1631840479.7940345], "episode_lengths": [200], "episode_rewards": [-200.0], "episode_types": ["t"]}