{"initial_reset_timestamp": 1631841230.4594638, "timestamps": [1631841232.5412493], "episode_lengths": [152], "episode_rewards": [-152.0], "episode_types": ["t"]}