{"initial_reset_timestamp": 1631840267.5996604, "timestamps": [1631840268.8662925], "episode_lengths": [79], "episode_rewards": [-78.0], "episode_types": ["t"]}