{"initial_reset_timestamp": 1631840156.342174, "timestamps": [1631840157.4298742], "episode_lengths": [73], "episode_rewards": [-72.0], "episode_types": ["t"]}