{"initial_reset_timestamp": 1631840521.6921678, "timestamps": [1631840524.2509382], "episode_lengths": [200], "episode_rewards": [-200.0], "episode_types": ["t"]}