{"initial_reset_timestamp": 1631841249.2423823, "timestamps": [1631841251.275595], "episode_lengths": [146], "episode_rewards": [-146.0], "episode_types": ["t"]}