{"initial_reset_timestamp": 1631839750.6293657, "timestamps": [1631839751.6910043], "episode_lengths": [76], "episode_rewards": [-75.0], "episode_types": ["t"]}