{"initial_reset_timestamp": 1631841408.312705, "timestamps": [1631841410.7882504], "episode_lengths": [175], "episode_rewards": [-175.0], "episode_types": ["t"]}