{"initial_reset_timestamp": 1631839761.3130105, "timestamps": [1631839762.8379498], "episode_lengths": [108], "episode_rewards": [-107.0], "episode_types": ["t"]}