{"initial_reset_timestamp": 1631841093.1682765, "timestamps": [1631841095.179729], "episode_lengths": [146], "episode_rewards": [-146.0], "episode_types": ["t"]}