{"initial_reset_timestamp": 1631840938.7157407, "timestamps": [1631840940.6737444], "episode_lengths": [139], "episode_rewards": [-139.0], "episode_types": ["t"]}