{"initial_reset_timestamp": 1631841473.6748896, "timestamps": [1631841475.4234009], "episode_lengths": [122], "episode_rewards": [-122.0], "episode_types": ["t"]}