{"initial_reset_timestamp": 1631840947.224444, "timestamps": [1631840949.076494], "episode_lengths": [138], "episode_rewards": [-138.0], "episode_types": ["t"]}