{"initial_reset_timestamp": 1631840369.1394384, "timestamps": [1631840371.5536833], "episode_lengths": [200], "episode_rewards": [-200.0], "episode_types": ["t"]}