{"initial_reset_timestamp": 1631840911.5819292, "timestamps": [1631840914.1521719], "episode_lengths": [200], "episode_rewards": [-200.0], "episode_types": ["t"]}