{"initial_reset_timestamp": 1631839790.6927104, "timestamps": [1631839791.873007], "episode_lengths": [85], "episode_rewards": [-84.0], "episode_types": ["t"]}