{"initial_reset_timestamp": 1631839632.3647578, "timestamps": [1631839635.531754], "episode_lengths": [242], "episode_rewards": [-241.0], "episode_types": ["t"]}