{"initial_reset_timestamp": 1631841429.1865728, "timestamps": [1631841431.472608], "episode_lengths": [166], "episode_rewards": [-166.0], "episode_types": ["t"]}