{"initial_reset_timestamp": 1631839900.7331624, "timestamps": [1631839901.9484813], "episode_lengths": [79], "episode_rewards": [-78.0], "episode_types": ["t"]}