{"initial_reset_timestamp": 1631840726.41165, "timestamps": [1631840728.9431257], "episode_lengths": [200], "episode_rewards": [-200.0], "episode_types": ["t"]}