{"initial_reset_timestamp": 1631839714.234269, "timestamps": [1631839715.67695], "episode_lengths": [102], "episode_rewards": [-101.0], "episode_types": ["t"]}