{"initial_reset_timestamp": 1631839941.4382458, "timestamps": [1631839942.7485514], "episode_lengths": [88], "episode_rewards": [-87.0], "episode_types": ["t"]}