{"initial_reset_timestamp": 1631840189.6146107, "timestamps": [1631840190.8011777], "episode_lengths": [78], "episode_rewards": [-77.0], "episode_types": ["t"]}