{"initial_reset_timestamp": 1631839719.1123514, "timestamps": [1631839720.5343704], "episode_lengths": [98], "episode_rewards": [-97.0], "episode_types": ["t"]}