{"initial_reset_timestamp": 1631839845.2300189, "timestamps": [1631839846.5582204], "episode_lengths": [90], "episode_rewards": [-89.0], "episode_types": ["t"]}