{"initial_reset_timestamp": 1631840826.4818811, "timestamps": [1631840829.0405388], "episode_lengths": [200], "episode_rewards": [-200.0], "episode_types": ["t"]}