{"initial_reset_timestamp": 1631841200.8148859, "timestamps": [1631841202.401011], "episode_lengths": [111], "episode_rewards": [-111.0], "episode_types": ["t"]}