{"initial_reset_timestamp": 1631840819.0185723, "timestamps": [1631840821.5949516], "episode_lengths": [200], "episode_rewards": [-200.0], "episode_types": ["t"]}