{"initial_reset_timestamp": 1631841165.6056814, "timestamps": [1631841167.845867], "episode_lengths": [164], "episode_rewards": [-164.0], "episode_types": ["t"]}