{"initial_reset_timestamp": 1631840278.1965547, "timestamps": [1631840279.2660775], "episode_lengths": [71], "episode_rewards": [-70.0], "episode_types": ["t"]}