{"initial_reset_timestamp": 1631840099.1423755, "timestamps": [1631840100.9001071], "episode_lengths": [125], "episode_rewards": [-124.0], "episode_types": ["t"]}