{"initial_reset_timestamp": 1631840288.2508135, "timestamps": [1631840289.6674542], "episode_lengths": [94], "episode_rewards": [-93.0], "episode_types": ["t"]}