{"initial_reset_timestamp": 1631840305.9602163, "timestamps": [1631840307.0313663], "episode_lengths": [70], "episode_rewards": [-69.0], "episode_types": ["t"]}