{"initial_reset_timestamp": 1631841444.5103848, "timestamps": [1631841446.0422857], "episode_lengths": [105], "episode_rewards": [-105.0], "episode_types": ["t"]}