{"initial_reset_timestamp": 1631840364.0774333, "timestamps": [1631840366.444754], "episode_lengths": [200], "episode_rewards": [-200.0], "episode_types": ["t"]}