{"initial_reset_timestamp": 1631840991.889293, "timestamps": [1631840993.9809432], "episode_lengths": [148], "episode_rewards": [-148.0], "episode_types": ["t"]}