{"initial_reset_timestamp": 1631839635.7035515, "timestamps": [1631839637.3902674], "episode_lengths": [121], "episode_rewards": [-120.0], "episode_types": ["t"]}