{"initial_reset_timestamp": 1631840752.7737234, "timestamps": [1631840755.3272452], "episode_lengths": [200], "episode_rewards": [-200.0], "episode_types": ["t"]}