{"initial_reset_timestamp": 1631840931.489463, "timestamps": [1631840934.108421], "episode_lengths": [200], "episode_rewards": [-200.0], "episode_types": ["t"]}