{"initial_reset_timestamp": 1631840035.7955794, "timestamps": [1631840036.921989], "episode_lengths": [75], "episode_rewards": [-74.0], "episode_types": ["t"]}