{"initial_reset_timestamp": 1631839546.7103024, "timestamps": [1631839550.0531187], "episode_lengths": [271], "episode_rewards": [-270.0], "episode_types": ["t"]}