{"initial_reset_timestamp": 1631840492.928643, "timestamps": [1631840495.413276], "episode_lengths": [200], "episode_rewards": [-200.0], "episode_types": ["t"]}