{"initial_reset_timestamp": 1631840042.4412727, "timestamps": [1631840043.5780845], "episode_lengths": [75], "episode_rewards": [-74.0], "episode_types": ["t"]}