{"initial_reset_timestamp": 1631841219.3213725, "timestamps": [1631841221.5017383], "episode_lengths": [163], "episode_rewards": [-163.0], "episode_types": ["t"]}