{"initial_reset_timestamp": 1631839737.651529, "timestamps": [1631839738.8459268], "episode_lengths": [89], "episode_rewards": [-88.0], "episode_types": ["t"]}