{"initial_reset_timestamp": 1631841121.4185228, "timestamps": [1631841123.6712584], "episode_lengths": [163], "episode_rewards": [-163.0], "episode_types": ["t"]}