{"initial_reset_timestamp": 1631840094.7905328, "timestamps": [1631840096.0098312], "episode_lengths": [77], "episode_rewards": [-76.0], "episode_types": ["t"]}