{"initial_reset_timestamp": 1631841065.9442184, "timestamps": [1631841067.9655573], "episode_lengths": [151], "episode_rewards": [-151.0], "episode_types": ["t"]}