{"initial_reset_timestamp": 1631840087.4821727, "timestamps": [1631840088.6990116], "episode_lengths": [78], "episode_rewards": [-77.0], "episode_types": ["t"]}