{"initial_reset_timestamp": 1631839858.313787, "timestamps": [1631839859.6585388], "episode_lengths": [94], "episode_rewards": [-93.0], "episode_types": ["t"]}