{"initial_reset_timestamp": 1631841469.2738361, "timestamps": [1631841471.4389412], "episode_lengths": [155], "episode_rewards": [-155.0], "episode_types": ["t"]}