{"initial_reset_timestamp": 1631840117.0261538, "timestamps": [1631840118.426864], "episode_lengths": [95], "episode_rewards": [-94.0], "episode_types": ["t"]}