{"initial_reset_timestamp": 1632517255.466862, "timestamps": [1632517260.905174], "episode_lengths": [90], "episode_rewards": [-415.80576596920264], "episode_types": ["t"]}