{"initial_reset_timestamp": 1631841289.3621237, "timestamps": [1631841290.7208583], "episode_lengths": [85], "episode_rewards": [-85.0], "episode_types": ["t"]}