{"initial_reset_timestamp": 1631841303.5094144, "timestamps": [1631841305.201255], "episode_lengths": [118], "episode_rewards": [-118.0], "episode_types": ["t"]}