{"initial_reset_timestamp": 1631840012.3160913, "timestamps": [1631840014.3710349], "episode_lengths": [152], "episode_rewards": [-151.0], "episode_types": ["t"]}