{"initial_reset_timestamp": 1631840073.881152, "timestamps": [1631840075.0644755], "episode_lengths": [79], "episode_rewards": [-78.0], "episode_types": ["t"]}