{"initial_reset_timestamp": 1631839572.4152513, "timestamps": [1631839574.1047037], "episode_lengths": [130], "episode_rewards": [-129.0], "episode_types": ["t"]}