{"initial_reset_timestamp": 1631839681.1370308, "timestamps": [1631839682.6198902], "episode_lengths": [104], "episode_rewards": [-103.0], "episode_types": ["t"]}