{"initial_reset_timestamp": 1632517245.237542, "timestamps": [1632517252.136777, 1632517255.431988, 1632517260.878495], "episode_lengths": [125, 94, 90], "episode_rewards": [-658.3755975605699, -311.0756963693184, -415.80576596920264], "episode_types": ["t", "t", "t"]}