{"initial_reset_timestamp": 1631840136.1436436, "timestamps": [1631840137.232134], "episode_lengths": [73], "episode_rewards": [-72.0], "episode_types": ["t"]}