{"initial_reset_timestamp": 1631839833.9269276, "timestamps": [1631839835.009995], "episode_lengths": [77], "episode_rewards": [-76.0], "episode_types": ["t"]}