{"initial_reset_timestamp": 1631839533.5504415, "timestamps": [1631839537.8004065], "episode_lengths": [344], "episode_rewards": [-343.0], "episode_types": ["t"]}