{"initial_reset_timestamp": 1631840009.4149988, "timestamps": [1631840010.677273], "episode_lengths": [88], "episode_rewards": [-87.0], "episode_types": ["t"]}