{"initial_reset_timestamp": 1631840111.2283123, "timestamps": [1631840112.6579602], "episode_lengths": [96], "episode_rewards": [-95.0], "episode_types": ["t"]}