{"initial_reset_timestamp": 1631840707.7754235, "timestamps": [1631840710.3698208], "episode_lengths": [200], "episode_rewards": [-200.0], "episode_types": ["t"]}