{"initial_reset_timestamp": 1631841228.786977, "timestamps": [1631841230.3420305], "episode_lengths": [107], "episode_rewards": [-107.0], "episode_types": ["t"]}