{"initial_reset_timestamp": 1631840282.4317584, "timestamps": [1631840283.5357723], "episode_lengths": [71], "episode_rewards": [-70.0], "episode_types": ["t"]}