{"initial_reset_timestamp": 1631840968.3719192, "timestamps": [1631840970.7580318], "episode_lengths": [182], "episode_rewards": [-182.0], "episode_types": ["t"]}