{"initial_reset_timestamp": 1631840150.9563117, "timestamps": [1631840152.0189018], "episode_lengths": [70], "episode_rewards": [-69.0], "episode_types": ["t"]}