{"initial_reset_timestamp": 1631841131.3765547, "timestamps": [1631841133.3280208], "episode_lengths": [140], "episode_rewards": [-140.0], "episode_types": ["t"]}