{"initial_reset_timestamp": 1631841251.4148972, "timestamps": [1631841253.0856512], "episode_lengths": [117], "episode_rewards": [-117.0], "episode_types": ["t"]}