{"initial_reset_timestamp": 1631840066.9043908, "timestamps": [1631840068.1916068], "episode_lengths": [87], "episode_rewards": [-86.0], "episode_types": ["t"]}