{"initial_reset_timestamp": 1631840070.8618155, "timestamps": [1631840072.2180517], "episode_lengths": [91], "episode_rewards": [-90.0], "episode_types": ["t"]}