{"initial_reset_timestamp": 1631840371.6640701, "timestamps": [1631840374.0444496], "episode_lengths": [200], "episode_rewards": [-200.0], "episode_types": ["t"]}