{"initial_reset_timestamp": 1631839949.9586568, "timestamps": [1631839950.9322722], "episode_lengths": [64], "episode_rewards": [-63.0], "episode_types": ["t"]}