{"initial_reset_timestamp": 1631840416.8822925, "timestamps": [1631840419.3049333], "episode_lengths": [200], "episode_rewards": [-200.0], "episode_types": ["t"]}