{"initial_reset_timestamp": 1631841038.0499177, "timestamps": [1631841039.317748], "episode_lengths": [88], "episode_rewards": [-88.0], "episode_types": ["t"]}