{"initial_reset_timestamp": 1632516928.7900841, "timestamps": [1632516931.6307058], "episode_lengths": [104], "episode_rewards": [-201.8181532498043], "episode_types": ["t"]}