{"initial_reset_timestamp": 1631841448.4856517, "timestamps": [1631841450.5282145], "episode_lengths": [149], "episode_rewards": [-149.0], "episode_types": ["t"]}