{"initial_reset_timestamp": 1631839768.0251837, "timestamps": [1631839769.0684092], "episode_lengths": [72], "episode_rewards": [-71.0], "episode_types": ["t"]}