{"initial_reset_timestamp": 1631840396.6488416, "timestamps": [1631840399.1552744], "episode_lengths": [200], "episode_rewards": [-200.0], "episode_types": ["t"]}