{"initial_reset_timestamp": 1631841199.3579037, "timestamps": [1631841200.6884165], "episode_lengths": [86], "episode_rewards": [-86.0], "episode_types": ["t"]}