{"initial_reset_timestamp": 1631840119.9493086, "timestamps": [1631840121.1949987], "episode_lengths": [80], "episode_rewards": [-79.0], "episode_types": ["t"]}