{"initial_reset_timestamp": 1631841269.0367281, "timestamps": [1631841270.9146023], "episode_lengths": [136], "episode_rewards": [-136.0], "episode_types": ["t"]}