{"initial_reset_timestamp": 1631840482.539851, "timestamps": [1631840484.9467862], "episode_lengths": [200], "episode_rewards": [-200.0], "episode_types": ["t"]}