{"initial_reset_timestamp": 1631840404.2466066, "timestamps": [1631840406.5650606], "episode_lengths": [200], "episode_rewards": [-200.0], "episode_types": ["t"]}