{"initial_reset_timestamp": 1631839972.0326056, "timestamps": [1631839973.126347], "episode_lengths": [75], "episode_rewards": [-74.0], "episode_types": ["t"]}