{"initial_reset_timestamp": 1631839804.3610501, "timestamps": [1631839805.4606767], "episode_lengths": [75], "episode_rewards": [-74.0], "episode_types": ["t"]}