{"initial_reset_timestamp": 1631841217.4286807, "timestamps": [1631841219.2037873], "episode_lengths": [123], "episode_rewards": [-123.0], "episode_types": ["t"]}