{"initial_reset_timestamp": 1631841459.5722852, "timestamps": [1631841461.1268754], "episode_lengths": [108], "episode_rewards": [-108.0], "episode_types": ["t"]}