{"initial_reset_timestamp": 1631840245.5845482, "timestamps": [1631840246.7298667], "episode_lengths": [73], "episode_rewards": [-72.0], "episode_types": ["t"]}