{"initial_reset_timestamp": 1631841393.5725381, "timestamps": [1631841395.504791], "episode_lengths": [141], "episode_rewards": [-141.0], "episode_types": ["t"]}