{"initial_reset_timestamp": 1631840349.40816, "timestamps": [1631840351.6534503], "episode_lengths": [200], "episode_rewards": [-200.0], "episode_types": ["t"]}