{"initial_reset_timestamp": 1631840308.5601695, "timestamps": [1631840309.6855369], "episode_lengths": [71], "episode_rewards": [-70.0], "episode_types": ["t"]}