{"initial_reset_timestamp": 1631839831.3459213, "timestamps": [1631839832.4470897], "episode_lengths": [76], "episode_rewards": [-75.0], "episode_types": ["t"]}