{"initial_reset_timestamp": 1631841417.3912356, "timestamps": [1631841419.136317], "episode_lengths": [116], "episode_rewards": [-116.0], "episode_types": ["t"]}