{"initial_reset_timestamp": 1631841119.1662674, "timestamps": [1631841121.2975204], "episode_lengths": [154], "episode_rewards": [-154.0], "episode_types": ["t"]}