{"initial_reset_timestamp": 1631841147.6640656, "timestamps": [1631841149.723325], "episode_lengths": [141], "episode_rewards": [-141.0], "episode_types": ["t"]}