{"initial_reset_timestamp": 1631840644.9820838, "timestamps": [1631840647.4807813], "episode_lengths": [200], "episode_rewards": [-200.0], "episode_types": ["t"]}