{"initial_reset_timestamp": 1631839769.2638452, "timestamps": [1631839770.4697692], "episode_lengths": [84], "episode_rewards": [-83.0], "episode_types": ["t"]}