{"initial_reset_timestamp": 1631841329.1196609, "timestamps": [1631841331.3256912], "episode_lengths": [155], "episode_rewards": [-155.0], "episode_types": ["t"]}