{"initial_reset_timestamp": 1631841226.9498856, "timestamps": [1631841228.6587477], "episode_lengths": [120], "episode_rewards": [-120.0], "episode_types": ["t"]}