{"initial_reset_timestamp": 1631840001.0784879, "timestamps": [1631840002.0972106], "episode_lengths": [64], "episode_rewards": [-63.0], "episode_types": ["t"]}