{"initial_reset_timestamp": 1631840872.556546, "timestamps": [1631840875.2240963], "episode_lengths": [200], "episode_rewards": [-200.0], "episode_types": ["t"]}