{"initial_reset_timestamp": 1631841373.1837037, "timestamps": [1631841374.772133], "episode_lengths": [109], "episode_rewards": [-109.0], "episode_types": ["t"]}