{"initial_reset_timestamp": 1631841182.7009857, "timestamps": [1631841184.4122045], "episode_lengths": [118], "episode_rewards": [-118.0], "episode_types": ["t"]}