{"initial_reset_timestamp": 1631839891.221615, "timestamps": [1631839892.7492018], "episode_lengths": [113], "episode_rewards": [-112.0], "episode_types": ["t"]}