{"initial_reset_timestamp": 1631840102.525736, "timestamps": [1631840103.8244162], "episode_lengths": [91], "episode_rewards": [-90.0], "episode_types": ["t"]}