{"initial_reset_timestamp": 1631840923.0009959, "timestamps": [1631840924.802109], "episode_lengths": [133], "episode_rewards": [-133.0], "episode_types": ["t"]}