{"initial_reset_timestamp": 1631840354.2854822, "timestamps": [1631840356.651789], "episode_lengths": [200], "episode_rewards": [-200.0], "episode_types": ["t"]}