{"initial_reset_timestamp": 1631839615.7663062, "timestamps": [1631839619.3627102], "episode_lengths": [279], "episode_rewards": [-278.0], "episode_types": ["t"]}