{"initial_reset_timestamp": 1631840068.3812082, "timestamps": [1631840069.3393264], "episode_lengths": [63], "episode_rewards": [-62.0], "episode_types": ["t"]}