{"initial_reset_timestamp": 1631840017.3406494, "timestamps": [1631840018.3213043], "episode_lengths": [63], "episode_rewards": [-62.0], "episode_types": ["t"]}