{"initial_reset_timestamp": 1631839566.6602519, "timestamps": [1631839569.7683916], "episode_lengths": [244], "episode_rewards": [-243.0], "episode_types": ["t"]}