{"initial_reset_timestamp": 1631841461.243836, "timestamps": [1631841463.5899603], "episode_lengths": [176], "episode_rewards": [-176.0], "episode_types": ["t"]}