{"initial_reset_timestamp": 1631840779.293384, "timestamps": [1631840781.8117719], "episode_lengths": [200], "episode_rewards": [-200.0], "episode_types": ["t"]}