{"initial_reset_timestamp": 1631840983.1691678, "timestamps": [1631840985.2907288], "episode_lengths": [152], "episode_rewards": [-152.0], "episode_types": ["t"]}