{"initial_reset_timestamp": 1631840736.9433405, "timestamps": [1631840739.5136516], "episode_lengths": [200], "episode_rewards": [-200.0], "episode_types": ["t"]}