{"initial_reset_timestamp": 1631841095.3123496, "timestamps": [1631841096.6036832], "episode_lengths": [88], "episode_rewards": [-88.0], "episode_types": ["t"]}