{"initial_reset_timestamp": 1631839743.1634574, "timestamps": [1631839744.2332275], "episode_lengths": [76], "episode_rewards": [-75.0], "episode_types": ["t"]}