{"initial_reset_timestamp": 1631840453.2755377, "timestamps": [1631840455.9417782], "episode_lengths": [200], "episode_rewards": [-200.0], "episode_types": ["t"]}