{"initial_reset_timestamp": 1631840574.1412325, "timestamps": [1631840576.61927], "episode_lengths": [200], "episode_rewards": [-200.0], "episode_types": ["t"]}