{"initial_reset_timestamp": 1631841073.2356148, "timestamps": [1631841074.5291214], "episode_lengths": [89], "episode_rewards": [-89.0], "episode_types": ["t"]}