{"initial_reset_timestamp": 1631839758.3751156, "timestamps": [1631839759.825773], "episode_lengths": [105], "episode_rewards": [-104.0], "episode_types": ["t"]}