{"initial_reset_timestamp": 1631839896.8761942, "timestamps": [1631839897.975571], "episode_lengths": [77], "episode_rewards": [-76.0], "episode_types": ["t"]}