{"initial_reset_timestamp": 1631839490.1381018, "timestamps": [1631839496.0477064], "episode_lengths": [500], "episode_rewards": [-500.0], "episode_types": ["t"]}