{"initial_reset_timestamp": 1631840394.0430348, "timestamps": [1631840396.5380359], "episode_lengths": [200], "episode_rewards": [-200.0], "episode_types": ["t"]}