{"initial_reset_timestamp": 1631840970.87639, "timestamps": [1631840973.0976276], "episode_lengths": [158], "episode_rewards": [-158.0], "episode_types": ["t"]}