{"initial_reset_timestamp": 1631840040.8927162, "timestamps": [1631840042.2573879], "episode_lengths": [92], "episode_rewards": [-91.0], "episode_types": ["t"]}