{"initial_reset_timestamp": 1631839717.501615, "timestamps": [1631839718.940354], "episode_lengths": [102], "episode_rewards": [-101.0], "episode_types": ["t"]}