{"initial_reset_timestamp": 1631840768.653195, "timestamps": [1631840771.2615914], "episode_lengths": [200], "episode_rewards": [-200.0], "episode_types": ["t"]}