{"initial_reset_timestamp": 1631839792.0653188, "timestamps": [1631839793.0776799], "episode_lengths": [68], "episode_rewards": [-67.0], "episode_types": ["t"]}