{"initial_reset_timestamp": 1631839518.7477431, "timestamps": [1631839522.3277504], "episode_lengths": [296], "episode_rewards": [-295.0], "episode_types": ["t"]}