{"initial_reset_timestamp": 1631839948.6295316, "timestamps": [1631839949.7663271], "episode_lengths": [78], "episode_rewards": [-77.0], "episode_types": ["t"]}