{"initial_reset_timestamp": 1631839623.2560441, "timestamps": [1631839628.1754596], "episode_lengths": [377], "episode_rewards": [-376.0], "episode_types": ["t"]}