{"initial_reset_timestamp": 1631839911.878715, "timestamps": [1631839912.8986685], "episode_lengths": [63], "episode_rewards": [-62.0], "episode_types": ["t"]}