{"initial_reset_timestamp": 1631839973.298269, "timestamps": [1631839974.5060363], "episode_lengths": [75], "episode_rewards": [-74.0], "episode_types": ["t"]}