{"initial_reset_timestamp": 1631841225.1223009, "timestamps": [1631841226.8141568], "episode_lengths": [122], "episode_rewards": [-122.0], "episode_types": ["t"]}