{"initial_reset_timestamp": 1631840472.0763083, "timestamps": [1631840474.58422], "episode_lengths": [200], "episode_rewards": [-200.0], "episode_types": ["t"]}