{"initial_reset_timestamp": 1631839970.5772207, "timestamps": [1631839971.8579016], "episode_lengths": [88], "episode_rewards": [-87.0], "episode_types": ["t"]}