{"initial_reset_timestamp": 1631841347.7670665, "timestamps": [1631841349.4376583], "episode_lengths": [119], "episode_rewards": [-119.0], "episode_types": ["t"]}