{"initial_reset_timestamp": 1631840222.2980433, "timestamps": [1631840223.270683], "episode_lengths": [64], "episode_rewards": [-63.0], "episode_types": ["t"]}