{"initial_reset_timestamp": 1631840784.6127524, "timestamps": [1631840787.1921759], "episode_lengths": [200], "episode_rewards": [-200.0], "episode_types": ["t"]}