{"initial_reset_timestamp": 1631840892.8953543, "timestamps": [1631840894.7357385], "episode_lengths": [138], "episode_rewards": [-138.0], "episode_types": ["t"]}