{"initial_reset_timestamp": 1631840936.8625753, "timestamps": [1631840938.5934603], "episode_lengths": [120], "episode_rewards": [-120.0], "episode_types": ["t"]}