{"initial_reset_timestamp": 1631840875.3534586, "timestamps": [1631840877.9609542], "episode_lengths": [200], "episode_rewards": [-200.0], "episode_types": ["t"]}