{"initial_reset_timestamp": 1631841113.3270981, "timestamps": [1631841115.3751812], "episode_lengths": [153], "episode_rewards": [-153.0], "episode_types": ["t"]}