{"initial_reset_timestamp": 1631840246.9088578, "timestamps": [1631840248.3882463], "episode_lengths": [95], "episode_rewards": [-94.0], "episode_types": ["t"]}