{"initial_reset_timestamp": 1631839967.5110729, "timestamps": [1631839968.7550652], "episode_lengths": [83], "episode_rewards": [-82.0], "episode_types": ["t"]}