{"initial_reset_timestamp": 1631840434.6720498, "timestamps": [1631840437.222362], "episode_lengths": [200], "episode_rewards": [-200.0], "episode_types": ["t"]}