{"initial_reset_timestamp": 1631839628.3577788, "timestamps": [1631839630.1988926], "episode_lengths": [131], "episode_rewards": [-130.0], "episode_types": ["t"]}