{"initial_reset_timestamp": 1631841436.3419566, "timestamps": [1631841438.5082142], "episode_lengths": [158], "episode_rewards": [-158.0], "episode_types": ["t"]}