{"initial_reset_timestamp": 1631840208.2276056, "timestamps": [1631840209.6042666], "episode_lengths": [92], "episode_rewards": [-91.0], "episode_types": ["t"]}