{"initial_reset_timestamp": 1631841424.800883, "timestamps": [1631841426.7391376], "episode_lengths": [141], "episode_rewards": [-141.0], "episode_types": ["t"]}