{"initial_reset_timestamp": 1631839894.2202358, "timestamps": [1631839895.5532162], "episode_lengths": [95], "episode_rewards": [-94.0], "episode_types": ["t"]}