{"initial_reset_timestamp": 1631839829.8436995, "timestamps": [1631839831.1739235], "episode_lengths": [93], "episode_rewards": [-92.0], "episode_types": ["t"]}