{"initial_reset_timestamp": 1631840700.0054846, "timestamps": [1631840702.4377334], "episode_lengths": [200], "episode_rewards": [-200.0], "episode_types": ["t"]}