{"initial_reset_timestamp": 1631841153.4480965, "timestamps": [1631841155.4642875], "episode_lengths": [147], "episode_rewards": [-147.0], "episode_types": ["t"]}