{"initial_reset_timestamp": 1631841088.8452451, "timestamps": [1631841090.8852234], "episode_lengths": [147], "episode_rewards": [-147.0], "episode_types": ["t"]}