{"initial_reset_timestamp": 1631841397.9964502, "timestamps": [1631841399.8205545], "episode_lengths": [131], "episode_rewards": [-131.0], "episode_types": ["t"]}