{"initial_reset_timestamp": 1631839502.5830708, "timestamps": [1631839508.5819254], "episode_lengths": [500], "episode_rewards": [-500.0], "episode_types": ["t"]}