{"initial_reset_timestamp": 1631841340.0691164, "timestamps": [1631841341.4224997], "episode_lengths": [91], "episode_rewards": [-91.0], "episode_types": ["t"]}