{"initial_reset_timestamp": 1631840258.8179014, "timestamps": [1631840259.8171475], "episode_lengths": [63], "episode_rewards": [-62.0], "episode_types": ["t"]}