{"initial_reset_timestamp": 1631841414.9543605, "timestamps": [1631841417.271185], "episode_lengths": [163], "episode_rewards": [-163.0], "episode_types": ["t"]}