{"initial_reset_timestamp": 1631840260.0216784, "timestamps": [1631840261.4989462], "episode_lengths": [95], "episode_rewards": [-94.0], "episode_types": ["t"]}