{"initial_reset_timestamp": 1631839728.6786602, "timestamps": [1631839729.8820634], "episode_lengths": [85], "episode_rewards": [-84.0], "episode_types": ["t"]}