{"initial_reset_timestamp": 1631840286.819764, "timestamps": [1631840288.0786896], "episode_lengths": [83], "episode_rewards": [-82.0], "episode_types": ["t"]}