{"initial_reset_timestamp": 1631840193.6295185, "timestamps": [1631840195.1861145], "episode_lengths": [105], "episode_rewards": [-104.0], "episode_types": ["t"]}