{"initial_reset_timestamp": 1631840721.1464596, "timestamps": [1631840723.6889884], "episode_lengths": [200], "episode_rewards": [-200.0], "episode_types": ["t"]}