{"initial_reset_timestamp": 1631840323.553423, "timestamps": [1631840324.6962907], "episode_lengths": [73], "episode_rewards": [-72.0], "episode_types": ["t"]}