{"initial_reset_timestamp": 1631839558.1281579, "timestamps": [1631839564.288446], "episode_lengths": [500], "episode_rewards": [-500.0], "episode_types": ["t"]}