{"initial_reset_timestamp": 1631840511.0674582, "timestamps": [1631840513.5276062], "episode_lengths": [200], "episode_rewards": [-200.0], "episode_types": ["t"]}