{"initial_reset_timestamp": 1631839932.240817, "timestamps": [1631839933.6015098], "episode_lengths": [95], "episode_rewards": [-94.0], "episode_types": ["t"]}