{"initial_reset_timestamp": 1631840561.0219324, "timestamps": [1631840563.5694623], "episode_lengths": [200], "episode_rewards": [-200.0], "episode_types": ["t"]}