{"initial_reset_timestamp": 1631840250.0690715, "timestamps": [1631840251.523826], "episode_lengths": [95], "episode_rewards": [-94.0], "episode_types": ["t"]}