{"initial_reset_timestamp": 1631840374.1528003, "timestamps": [1631840376.5547252], "episode_lengths": [200], "episode_rewards": [-200.0], "episode_types": ["t"]}