{"initial_reset_timestamp": 1631841016.2748866, "timestamps": [1631841017.8883975], "episode_lengths": [114], "episode_rewards": [-114.0], "episode_types": ["t"]}