{"initial_reset_timestamp": 1631841184.542727, "timestamps": [1631841186.4456487], "episode_lengths": [134], "episode_rewards": [-134.0], "episode_types": ["t"]}