{"initial_reset_timestamp": 1631840211.1130207, "timestamps": [1631840212.3024912], "episode_lengths": [77], "episode_rewards": [-76.0], "episode_types": ["t"]}