{"initial_reset_timestamp": 1631839846.7347503, "timestamps": [1631839847.8126156], "episode_lengths": [75], "episode_rewards": [-74.0], "episode_types": ["t"]}