{"initial_reset_timestamp": 1631840697.2951891, "timestamps": [1631840699.8901405], "episode_lengths": [200], "episode_rewards": [-200.0], "episode_types": ["t"]}