{"initial_reset_timestamp": 1631840864.39613, "timestamps": [1631840866.9503574], "episode_lengths": [200], "episode_rewards": [-200.0], "episode_types": ["t"]}