{"initial_reset_timestamp": 1631840295.8383682, "timestamps": [1631840297.2835274], "episode_lengths": [98], "episode_rewards": [-97.0], "episode_types": ["t"]}