{"initial_reset_timestamp": 1631840445.3831758, "timestamps": [1631840447.8192542], "episode_lengths": [200], "episode_rewards": [-200.0], "episode_types": ["t"]}