{"initial_reset_timestamp": 1631840096.1740236, "timestamps": [1631840097.5103934], "episode_lengths": [92], "episode_rewards": [-91.0], "episode_types": ["t"]}