{"initial_reset_timestamp": 1631839785.0231426, "timestamps": [1631839786.413188], "episode_lengths": [95], "episode_rewards": [-94.0], "episode_types": ["t"]}