{"initial_reset_timestamp": 1631840088.8690517, "timestamps": [1631840090.2761035], "episode_lengths": [94], "episode_rewards": [-93.0], "episode_types": ["t"]}