{"initial_reset_timestamp": 1631840419.4229443, "timestamps": [1631840421.829346], "episode_lengths": [200], "episode_rewards": [-200.0], "episode_types": ["t"]}