{"initial_reset_timestamp": 1631840663.2748587, "timestamps": [1631840665.701184], "episode_lengths": [200], "episode_rewards": [-200.0], "episode_types": ["t"]}