{"initial_reset_timestamp": 1631839800.3179557, "timestamps": [1631839801.3676958], "episode_lengths": [74], "episode_rewards": [-73.0], "episode_types": ["t"]}