{"initial_reset_timestamp": 1631841197.0921931, "timestamps": [1631841199.2255905], "episode_lengths": [156], "episode_rewards": [-156.0], "episode_types": ["t"]}