{"initial_reset_timestamp": 1631841221.6163437, "timestamps": [1631841223.222042], "episode_lengths": [114], "episode_rewards": [-114.0], "episode_types": ["t"]}