{"initial_reset_timestamp": 1631841311.9583669, "timestamps": [1631841313.5980937], "episode_lengths": [110], "episode_rewards": [-110.0], "episode_types": ["t"]}