{"initial_reset_timestamp": 1631840254.5630717, "timestamps": [1631840255.9999094], "episode_lengths": [95], "episode_rewards": [-94.0], "episode_types": ["t"]}