{"initial_reset_timestamp": 1631839781.5513334, "timestamps": [1631839784.8546717], "episode_lengths": [257], "episode_rewards": [-256.0], "episode_types": ["t"]}