{"initial_reset_timestamp": 1631840216.0596035, "timestamps": [1631840217.5831819], "episode_lengths": [106], "episode_rewards": [-105.0], "episode_types": ["t"]}