{"initial_reset_timestamp": 1631839619.5292325, "timestamps": [1631839623.0746188], "episode_lengths": [284], "episode_rewards": [-283.0], "episode_types": ["t"]}