{"initial_reset_timestamp": 1631840034.3429961, "timestamps": [1631840035.6177561], "episode_lengths": [85], "episode_rewards": [-84.0], "episode_types": ["t"]}