{"initial_reset_timestamp": 1631840668.430255, "timestamps": [1631840670.951963], "episode_lengths": [200], "episode_rewards": [-200.0], "episode_types": ["t"]}