{"initial_reset_timestamp": 1631840710.4849293, "timestamps": [1631840712.99026], "episode_lengths": [200], "episode_rewards": [-200.0], "episode_types": ["t"]}