{"initial_reset_timestamp": 1631840086.196245, "timestamps": [1631840087.2875874], "episode_lengths": [74], "episode_rewards": [-73.0], "episode_types": ["t"]}