{"initial_reset_timestamp": 1631839810.9667034, "timestamps": [1631839812.0081186], "episode_lengths": [70], "episode_rewards": [-69.0], "episode_types": ["t"]}