{"initial_reset_timestamp": 1631840996.2936625, "timestamps": [1631840998.0140707], "episode_lengths": [125], "episode_rewards": [-125.0], "episode_types": ["t"]}