{"initial_reset_timestamp": 1631840091.8073323, "timestamps": [1631840093.3709202], "episode_lengths": [102], "episode_rewards": [-101.0], "episode_types": ["t"]}