{"initial_reset_timestamp": 1631840665.8147728, "timestamps": [1631840668.2849238], "episode_lengths": [200], "episode_rewards": [-200.0], "episode_types": ["t"]}