{"initial_reset_timestamp": 1631840839.7832432, "timestamps": [1631840842.1855173], "episode_lengths": [186], "episode_rewards": [-186.0], "episode_types": ["t"]}