{"initial_reset_timestamp": 1631841370.9012384, "timestamps": [1631841373.0633583], "episode_lengths": [157], "episode_rewards": [-157.0], "episode_types": ["t"]}