{"initial_reset_timestamp": 1631840776.6273186, "timestamps": [1631840779.1502793], "episode_lengths": [200], "episode_rewards": [-200.0], "episode_types": ["t"]}