{"initial_reset_timestamp": 1631840004.9501455, "timestamps": [1631840006.1981874], "episode_lengths": [86], "episode_rewards": [-85.0], "episode_types": ["t"]}