{"initial_reset_timestamp": 1631841170.287477, "timestamps": [1631841172.4373562], "episode_lengths": [158], "episode_rewards": [-158.0], "episode_types": ["t"]}