{"initial_reset_timestamp": 1631839853.9950707, "timestamps": [1631839855.3316984], "episode_lengths": [91], "episode_rewards": [-90.0], "episode_types": ["t"]}