{"initial_reset_timestamp": 1631840332.200565, "timestamps": [1631840333.5925007], "episode_lengths": [96], "episode_rewards": [-95.0], "episode_types": ["t"]}