{"initial_reset_timestamp": 1631841239.2534218, "timestamps": [1631841241.0174744], "episode_lengths": [123], "episode_rewards": [-123.0], "episode_types": ["t"]}