{"initial_reset_timestamp": 1631840169.6179452, "timestamps": [1631840170.8303127], "episode_lengths": [77], "episode_rewards": [-76.0], "episode_types": ["t"]}