{"initial_reset_timestamp": 1631840263.0376425, "timestamps": [1631840264.4120517], "episode_lengths": [86], "episode_rewards": [-85.0], "episode_types": ["t"]}