{"initial_reset_timestamp": 1631840055.2188637, "timestamps": [1631840056.3305755], "episode_lengths": [76], "episode_rewards": [-75.0], "episode_types": ["t"]}