{"initial_reset_timestamp": 1631839847.9850888, "timestamps": [1631839849.2216659], "episode_lengths": [83], "episode_rewards": [-82.0], "episode_types": ["t"]}