{"initial_reset_timestamp": 1631841343.384378, "timestamps": [1631841345.5528307], "episode_lengths": [159], "episode_rewards": [-159.0], "episode_types": ["t"]}