{"initial_reset_timestamp": 1631840505.9085486, "timestamps": [1631840508.3527172], "episode_lengths": [200], "episode_rewards": [-200.0], "episode_types": ["t"]}