{"initial_reset_timestamp": 1631839961.965666, "timestamps": [1631839963.0792596], "episode_lengths": [75], "episode_rewards": [-74.0], "episode_types": ["t"]}