{"initial_reset_timestamp": 1631839864.5632558, "timestamps": [1631839865.703583], "episode_lengths": [80], "episode_rewards": [-79.0], "episode_types": ["t"]}