{"initial_reset_timestamp": 1631840069.509639, "timestamps": [1631840070.6625412], "episode_lengths": [79], "episode_rewards": [-78.0], "episode_types": ["t"]}