{"initial_reset_timestamp": 1631840153.5875359, "timestamps": [1631840154.8857727], "episode_lengths": [91], "episode_rewards": [-90.0], "episode_types": ["t"]}