{"initial_reset_timestamp": 1631841463.729533, "timestamps": [1631841465.385206], "episode_lengths": [108], "episode_rewards": [-108.0], "episode_types": ["t"]}