{"initial_reset_timestamp": 1631840540.0917044, "timestamps": [1631840542.5990293], "episode_lengths": [200], "episode_rewards": [-200.0], "episode_types": ["t"]}