{"initial_reset_timestamp": 1631839569.9614508, "timestamps": [1631839572.2447333], "episode_lengths": [177], "episode_rewards": [-176.0], "episode_types": ["t"]}