{"initial_reset_timestamp": 1631840326.2464876, "timestamps": [1631840327.6196947], "episode_lengths": [93], "episode_rewards": [-92.0], "episode_types": ["t"]}