{"initial_reset_timestamp": 1631840975.1164343, "timestamps": [1631840977.1700077], "episode_lengths": [158], "episode_rewards": [-158.0], "episode_types": ["t"]}