{"initial_reset_timestamp": 1631840269.058645, "timestamps": [1631840270.2897525], "episode_lengths": [81], "episode_rewards": [-80.0], "episode_types": ["t"]}