{"initial_reset_timestamp": 1631841141.986253, "timestamps": [1631841143.6025836], "episode_lengths": [118], "episode_rewards": [-118.0], "episode_types": ["t"]}