{"initial_reset_timestamp": 1631840316.1021702, "timestamps": [1631840317.4819586], "episode_lengths": [94], "episode_rewards": [-93.0], "episode_types": ["t"]}