{"initial_reset_timestamp": 1631840240.4989948, "timestamps": [1631840241.5659463], "episode_lengths": [70], "episode_rewards": [-69.0], "episode_types": ["t"]}