{"initial_reset_timestamp": 1631839667.9557216, "timestamps": [1631839670.2266152], "episode_lengths": [180], "episode_rewards": [-179.0], "episode_types": ["t"]}