{"initial_reset_timestamp": 1631840032.7813737, "timestamps": [1631840034.1579711], "episode_lengths": [94], "episode_rewards": [-93.0], "episode_types": ["t"]}