{"initial_reset_timestamp": 1631839938.1453812, "timestamps": [1631839939.4790213], "episode_lengths": [94], "episode_rewards": [-93.0], "episode_types": ["t"]}