{"initial_reset_timestamp": 1631840226.0825796, "timestamps": [1631840227.0545523], "episode_lengths": [64], "episode_rewards": [-63.0], "episode_types": ["t"]}