{"initial_reset_timestamp": 1631839604.0881193, "timestamps": [1631839607.8434043], "episode_lengths": [310], "episode_rewards": [-309.0], "episode_types": ["t"]}