{"initial_reset_timestamp": 1631841406.1365151, "timestamps": [1631841408.1904995], "episode_lengths": [145], "episode_rewards": [-145.0], "episode_types": ["t"]}