{"initial_reset_timestamp": 1631839707.0091808, "timestamps": [1631839709.495689], "episode_lengths": [194], "episode_rewards": [-193.0], "episode_types": ["t"]}