{"initial_reset_timestamp": 1631841293.132032, "timestamps": [1631841294.7190592], "episode_lengths": [94], "episode_rewards": [-94.0], "episode_types": ["t"]}