{"initial_reset_timestamp": 1631839816.2695122, "timestamps": [1631839817.3534985], "episode_lengths": [75], "episode_rewards": [-74.0], "episode_types": ["t"]}