{"initial_reset_timestamp": 1631840333.7716389, "timestamps": [1631840334.931449], "episode_lengths": [71], "episode_rewards": [-70.0], "episode_types": ["t"]}