{"initial_reset_timestamp": 1631840257.5690362, "timestamps": [1631840258.6434474], "episode_lengths": [66], "episode_rewards": [-65.0], "episode_types": ["t"]}