{"initial_reset_timestamp": 1631840251.744959, "timestamps": [1631840252.8957515], "episode_lengths": [71], "episode_rewards": [-70.0], "episode_types": ["t"]}