{"initial_reset_timestamp": 1631840244.2837965, "timestamps": [1631840245.4159791], "episode_lengths": [72], "episode_rewards": [-71.0], "episode_types": ["t"]}