{"initial_reset_timestamp": 1631840689.441066, "timestamps": [1631840691.9421089], "episode_lengths": [200], "episode_rewards": [-200.0], "episode_types": ["t"]}