{"initial_reset_timestamp": 1631841253.2106445, "timestamps": [1631841254.9257188], "episode_lengths": [116], "episode_rewards": [-116.0], "episode_types": ["t"]}