{"initial_reset_timestamp": 1631840179.4895313, "timestamps": [1631840180.698878], "episode_lengths": [79], "episode_rewards": [-78.0], "episode_types": ["t"]}