{"initial_reset_timestamp": 1631839684.3908663, "timestamps": [1631839690.7323556], "episode_lengths": [500], "episode_rewards": [-500.0], "episode_types": ["t"]}