{"initial_reset_timestamp": 1631839701.8640332, "timestamps": [1631839703.1399758], "episode_lengths": [90], "episode_rewards": [-89.0], "episode_types": ["t"]}