{"initial_reset_timestamp": 1631840361.630765, "timestamps": [1631840363.955041], "episode_lengths": [200], "episode_rewards": [-200.0], "episode_types": ["t"]}