{"initial_reset_timestamp": 1631841096.7332633, "timestamps": [1631841098.7522266], "episode_lengths": [149], "episode_rewards": [-149.0], "episode_types": ["t"]}