{"initial_reset_timestamp": 1631839832.6091776, "timestamps": [1631839833.748987], "episode_lengths": [76], "episode_rewards": [-75.0], "episode_types": ["t"]}