{"initial_reset_timestamp": 1631841135.4759955, "timestamps": [1631841137.8427398], "episode_lengths": [169], "episode_rewards": [-169.0], "episode_types": ["t"]}