{"initial_reset_timestamp": 1631840401.7728596, "timestamps": [1631840404.1155126], "episode_lengths": [200], "episode_rewards": [-200.0], "episode_types": ["t"]}