{"initial_reset_timestamp": 1631839695.825307, "timestamps": [1631839697.6079657], "episode_lengths": [136], "episode_rewards": [-135.0], "episode_types": ["t"]}