{"initial_reset_timestamp": 1631840608.1784325, "timestamps": [1631840610.7704623], "episode_lengths": [200], "episode_rewards": [-200.0], "episode_types": ["t"]}