{"initial_reset_timestamp": 1631839597.055264, "timestamps": [1631839599.2442846], "episode_lengths": [176], "episode_rewards": [-175.0], "episode_types": ["t"]}