{"initial_reset_timestamp": 1631839801.5602627, "timestamps": [1631839802.6783004], "episode_lengths": [78], "episode_rewards": [-77.0], "episode_types": ["t"]}