{"initial_reset_timestamp": 1631841206.9313495, "timestamps": [1631841209.2496796], "episode_lengths": [167], "episode_rewards": [-167.0], "episode_types": ["t"]}