{"initial_reset_timestamp": 1631840503.3672283, "timestamps": [1631840505.7961917], "episode_lengths": [200], "episode_rewards": [-200.0], "episode_types": ["t"]}