{"initial_reset_timestamp": 1631840676.2599308, "timestamps": [1631840678.7367437], "episode_lengths": [200], "episode_rewards": [-200.0], "episode_types": ["t"]}