{"initial_reset_timestamp": 1631839522.5008411, "timestamps": [1631839527.0974946], "episode_lengths": [383], "episode_rewards": [-382.0], "episode_types": ["t"]}