{"initial_reset_timestamp": 1631841125.2517986, "timestamps": [1631841127.2051277], "episode_lengths": [141], "episode_rewards": [-141.0], "episode_types": ["t"]}