{"initial_reset_timestamp": 1631841301.5585377, "timestamps": [1631841303.3973365], "episode_lengths": [126], "episode_rewards": [-126.0], "episode_types": ["t"]}