{"initial_reset_timestamp": 1631840896.9146283, "timestamps": [1631840899.4668436], "episode_lengths": [200], "episode_rewards": [-200.0], "episode_types": ["t"]}