{"initial_reset_timestamp": 1631840629.2623754, "timestamps": [1631840631.6824589], "episode_lengths": [200], "episode_rewards": [-200.0], "episode_types": ["t"]}