{"initial_reset_timestamp": 1631840062.4655788, "timestamps": [1631840063.7725213], "episode_lengths": [91], "episode_rewards": [-90.0], "episode_types": ["t"]}