{"initial_reset_timestamp": 1631839979.183994, "timestamps": [1631839980.3352454], "episode_lengths": [81], "episode_rewards": [-80.0], "episode_types": ["t"]}