{"initial_reset_timestamp": 1631840432.0434363, "timestamps": [1631840434.549096], "episode_lengths": [200], "episode_rewards": [-200.0], "episode_types": ["t"]}