{"initial_reset_timestamp": 1631840854.7183836, "timestamps": [1631840857.2930312], "episode_lengths": [200], "episode_rewards": [-200.0], "episode_types": ["t"]}