{"initial_reset_timestamp": 1631841143.717514, "timestamps": [1631841145.8296578], "episode_lengths": [158], "episode_rewards": [-158.0], "episode_types": ["t"]}