{"initial_reset_timestamp": 1631840631.7936077, "timestamps": [1631840634.3116646], "episode_lengths": [200], "episode_rewards": [-200.0], "episode_types": ["t"]}