{"initial_reset_timestamp": 1631841465.5029743, "timestamps": [1631841467.5220094], "episode_lengths": [144], "episode_rewards": [-144.0], "episode_types": ["t"]}