{"initial_reset_timestamp": 1631839496.2212803, "timestamps": [1631839502.4070272], "episode_lengths": [500], "episode_rewards": [-500.0], "episode_types": ["t"]}