{"initial_reset_timestamp": 1631840063.946997, "timestamps": [1631840065.3578422], "episode_lengths": [93], "episode_rewards": [-92.0], "episode_types": ["t"]}