{"initial_reset_timestamp": 1631840914.2891273, "timestamps": [1631840915.9724298], "episode_lengths": [126], "episode_rewards": [-126.0], "episode_types": ["t"]}