{"initial_reset_timestamp": 1631839777.348592, "timestamps": [1631839778.5696769], "episode_lengths": [83], "episode_rewards": [-82.0], "episode_types": ["t"]}