{"initial_reset_timestamp": 1631841450.6400955, "timestamps": [1631841452.9582255], "episode_lengths": [168], "episode_rewards": [-168.0], "episode_types": ["t"]}