{"initial_reset_timestamp": 1631840524.3632238, "timestamps": [1631840526.9031243], "episode_lengths": [200], "episode_rewards": [-200.0], "episode_types": ["t"]}