{"initial_reset_timestamp": 1631840634.4301386, "timestamps": [1631840636.8990257], "episode_lengths": [200], "episode_rewards": [-200.0], "episode_types": ["t"]}