{"initial_reset_timestamp": 1631841276.8958411, "timestamps": [1631841278.4654367], "episode_lengths": [109], "episode_rewards": [-109.0], "episode_types": ["t"]}