{"initial_reset_timestamp": 1631841294.843366, "timestamps": [1631841296.8731287], "episode_lengths": [146], "episode_rewards": [-146.0], "episode_types": ["t"]}