{"initial_reset_timestamp": 1631840790.018138, "timestamps": [1631840792.5713625], "episode_lengths": [200], "episode_rewards": [-200.0], "episode_types": ["t"]}