{"initial_reset_timestamp": 1631839933.7785997, "timestamps": [1631839935.069205], "episode_lengths": [93], "episode_rewards": [-92.0], "episode_types": ["t"]}