{"initial_reset_timestamp": 1631840081.5170028, "timestamps": [1631840083.081796], "episode_lengths": [109], "episode_rewards": [-108.0], "episode_types": ["t"]}