{"initial_reset_timestamp": 1631840256.2193832, "timestamps": [1631840257.385822], "episode_lengths": [71], "episode_rewards": [-70.0], "episode_types": ["t"]}