{"initial_reset_timestamp": 1632516923.588327, "timestamps": [1632516928.601109], "episode_lengths": [102], "episode_rewards": [-400.50934561777365], "episode_types": ["t"]}