{"initial_reset_timestamp": 1631840289.8768938, "timestamps": [1631840290.9975042], "episode_lengths": [69], "episode_rewards": [-68.0], "episode_types": ["t"]}