{"initial_reset_timestamp": 1631839661.2293766, "timestamps": [1631839663.6390502], "episode_lengths": [173], "episode_rewards": [-172.0], "episode_types": ["t"]}