{"initial_reset_timestamp": 1631840322.143523, "timestamps": [1631840323.3643572], "episode_lengths": [78], "episode_rewards": [-77.0], "episode_types": ["t"]}