{"initial_reset_timestamp": 1631839670.4073215, "timestamps": [1631839672.2003665], "episode_lengths": [129], "episode_rewards": [-128.0], "episode_types": ["t"]}