{"initial_reset_timestamp": 1631840816.259839, "timestamps": [1631840818.901191], "episode_lengths": [200], "episode_rewards": [-200.0], "episode_types": ["t"]}