{"initial_reset_timestamp": 1631839902.1210845, "timestamps": [1631839903.4781866], "episode_lengths": [94], "episode_rewards": [-93.0], "episode_types": ["t"]}