{"initial_reset_timestamp": 1631840162.1671586, "timestamps": [1631840163.443036], "episode_lengths": [85], "episode_rewards": [-84.0], "episode_types": ["t"]}