{"initial_reset_timestamp": 1631841000.4580262, "timestamps": [1631841002.3907669], "episode_lengths": [142], "episode_rewards": [-142.0], "episode_types": ["t"]}