{"initial_reset_timestamp": 1631841080.7116802, "timestamps": [1631841082.7543442], "episode_lengths": [150], "episode_rewards": [-150.0], "episode_types": ["t"]}