{"initial_reset_timestamp": 1631840637.0372636, "timestamps": [1631840639.583982], "episode_lengths": [200], "episode_rewards": [-200.0], "episode_types": ["t"]}