{"initial_reset_timestamp": 1631840059.887535, "timestamps": [1631840061.0210512], "episode_lengths": [77], "episode_rewards": [-76.0], "episode_types": ["t"]}