{"initial_reset_timestamp": 1631840587.1133506, "timestamps": [1631840589.6045947], "episode_lengths": [200], "episode_rewards": [-200.0], "episode_types": ["t"]}