{"initial_reset_timestamp": 1631839993.7906866, "timestamps": [1631839995.1144843], "episode_lengths": [86], "episode_rewards": [-85.0], "episode_types": ["t"]}