{"initial_reset_timestamp": 1631840518.9669094, "timestamps": [1631840521.5686576], "episode_lengths": [200], "episode_rewards": [-200.0], "episode_types": ["t"]}