{"initial_reset_timestamp": 1631840309.8640957, "timestamps": [1631840311.0351224], "episode_lengths": [74], "episode_rewards": [-73.0], "episode_types": ["t"]}