{"initial_reset_timestamp": 1631840831.8294356, "timestamps": [1631840834.3308835], "episode_lengths": [200], "episode_rewards": [-200.0], "episode_types": ["t"]}