{"initial_reset_timestamp": 1631839903.6705313, "timestamps": [1631839905.1433458], "episode_lengths": [102], "episode_rewards": [-101.0], "episode_types": ["t"]}