{"initial_reset_timestamp": 1631840217.779089, "timestamps": [1631840218.9754303], "episode_lengths": [79], "episode_rewards": [-78.0], "episode_types": ["t"]}