{"initial_reset_timestamp": 1631841331.4457035, "timestamps": [1631841333.0175927], "episode_lengths": [106], "episode_rewards": [-106.0], "episode_types": ["t"]}