{"initial_reset_timestamp": 1631840744.9251297, "timestamps": [1631840747.4156497], "episode_lengths": [200], "episode_rewards": [-200.0], "episode_types": ["t"]}