{"initial_reset_timestamp": 1631839968.93432, "timestamps": [1631839970.4109728], "episode_lengths": [105], "episode_rewards": [-104.0], "episode_types": ["t"]}