{"initial_reset_timestamp": 1631841008.5416365, "timestamps": [1631841010.3140512], "episode_lengths": [129], "episode_rewards": [-129.0], "episode_types": ["t"]}