{"initial_reset_timestamp": 1631839963.2529268, "timestamps": [1631839964.4782863], "episode_lengths": [78], "episode_rewards": [-77.0], "episode_types": ["t"]}