{"initial_reset_timestamp": 1631840673.6513014, "timestamps": [1631840676.1393769], "episode_lengths": [200], "episode_rewards": [-200.0], "episode_types": ["t"]}