{"initial_reset_timestamp": 1631840966.0062037, "timestamps": [1631840968.2588794], "episode_lengths": [168], "episode_rewards": [-168.0], "episode_types": ["t"]}