{"initial_reset_timestamp": 1631841041.438809, "timestamps": [1631841043.4796824], "episode_lengths": [150], "episode_rewards": [-150.0], "episode_types": ["t"]}