{"initial_reset_timestamp": 1631840381.629625, "timestamps": [1631840383.987234], "episode_lengths": [200], "episode_rewards": [-200.0], "episode_types": ["t"]}