{"initial_reset_timestamp": 1631840298.6484048, "timestamps": [1631840300.1649368], "episode_lengths": [102], "episode_rewards": [-101.0], "episode_types": ["t"]}