{"initial_reset_timestamp": 1631841117.676796, "timestamps": [1631841119.0238807], "episode_lengths": [94], "episode_rewards": [-94.0], "episode_types": ["t"]}