{"initial_reset_timestamp": 1631840909.6495342, "timestamps": [1631840911.4427056], "episode_lengths": [131], "episode_rewards": [-131.0], "episode_types": ["t"]}