{"initial_reset_timestamp": 1631841082.8793247, "timestamps": [1631841084.9995136], "episode_lengths": [158], "episode_rewards": [-158.0], "episode_types": ["t"]}