{"initial_reset_timestamp": 1631840155.0642824, "timestamps": [1631840156.1846673], "episode_lengths": [70], "episode_rewards": [-69.0], "episode_types": ["t"]}