{"initial_reset_timestamp": 1631839836.4740472, "timestamps": [1631839838.1877494], "episode_lengths": [124], "episode_rewards": [-123.0], "episode_types": ["t"]}