{"initial_reset_timestamp": 1631839895.7560256, "timestamps": [1631839896.709103], "episode_lengths": [64], "episode_rewards": [-63.0], "episode_types": ["t"]}