{"initial_reset_timestamp": 1631841386.7797656, "timestamps": [1631841388.804613], "episode_lengths": [149], "episode_rewards": [-149.0], "episode_types": ["t"]}