{"initial_reset_timestamp": 1631840888.143806, "timestamps": [1631840890.1105478], "episode_lengths": [152], "episode_rewards": [-152.0], "episode_types": ["t"]}