{"initial_reset_timestamp": 1631840359.2288892, "timestamps": [1631840361.522618], "episode_lengths": [200], "episode_rewards": [-200.0], "episode_types": ["t"]}