{"initial_reset_timestamp": 1631839789.4627876, "timestamps": [1631839790.5096338], "episode_lengths": [72], "episode_rewards": [-71.0], "episode_types": ["t"]}