{"initial_reset_timestamp": 1631841115.496934, "timestamps": [1631841117.539092], "episode_lengths": [146], "episode_rewards": [-146.0], "episode_types": ["t"]}