{"initial_reset_timestamp": 1631840025.5513897, "timestamps": [1631840026.651551], "episode_lengths": [71], "episode_rewards": [-70.0], "episode_types": ["t"]}