{"initial_reset_timestamp": 1631841133.4513142, "timestamps": [1631841135.3577163], "episode_lengths": [137], "episode_rewards": [-137.0], "episode_types": ["t"]}