{"initial_reset_timestamp": 1631841438.6207442, "timestamps": [1631841440.8267834], "episode_lengths": [160], "episode_rewards": [-160.0], "episode_types": ["t"]}