{"initial_reset_timestamp": 1631841026.2197003, "timestamps": [1631841028.2436469], "episode_lengths": [148], "episode_rewards": [-148.0], "episode_types": ["t"]}