{"initial_reset_timestamp": 1631840466.7304935, "timestamps": [1631840469.3278065], "episode_lengths": [200], "episode_rewards": [-200.0], "episode_types": ["t"]}