{"initial_reset_timestamp": 1631840083.2779312, "timestamps": [1631840084.6248925], "episode_lengths": [92], "episode_rewards": [-91.0], "episode_types": ["t"]}