{"initial_reset_timestamp": 1631840045.1376467, "timestamps": [1631840047.9108713], "episode_lengths": [202], "episode_rewards": [-201.0], "episode_types": ["t"]}