{"initial_reset_timestamp": 1631839780.2053595, "timestamps": [1631839781.3819041], "episode_lengths": [85], "episode_rewards": [-84.0], "episode_types": ["t"]}