{"initial_reset_timestamp": 1631840490.32767, "timestamps": [1631840492.8104465], "episode_lengths": [200], "episode_rewards": [-200.0], "episode_types": ["t"]}