{"initial_reset_timestamp": 1631841285.5469723, "timestamps": [1631841287.109001], "episode_lengths": [111], "episode_rewards": [-111.0], "episode_types": ["t"]}