{"initial_reset_timestamp": 1631840024.1947193, "timestamps": [1631840025.3754995], "episode_lengths": [83], "episode_rewards": [-82.0], "episode_types": ["t"]}