{"initial_reset_timestamp": 1631839826.5529962, "timestamps": [1631839827.726516], "episode_lengths": [75], "episode_rewards": [-74.0], "episode_types": ["t"]}