{"initial_reset_timestamp": 1631839747.1680183, "timestamps": [1631839748.4190125], "episode_lengths": [89], "episode_rewards": [-88.0], "episode_types": ["t"]}