{"initial_reset_timestamp": 1631840885.4359767, "timestamps": [1631840888.0301793], "episode_lengths": [200], "episode_rewards": [-200.0], "episode_types": ["t"]}