{"initial_reset_timestamp": 1631839809.8603656, "timestamps": [1631839810.803315], "episode_lengths": [66], "episode_rewards": [-65.0], "episode_types": ["t"]}