{"initial_reset_timestamp": 1631839581.4696267, "timestamps": [1631839583.5682478], "episode_lengths": [163], "episode_rewards": [-162.0], "episode_types": ["t"]}