{"initial_reset_timestamp": 1631841247.1267996, "timestamps": [1631841249.115626], "episode_lengths": [137], "episode_rewards": [-137.0], "episode_types": ["t"]}