{"initial_reset_timestamp": 1631840125.6657906, "timestamps": [1631840126.9168758], "episode_lengths": [82], "episode_rewards": [-81.0], "episode_types": ["t"]}