{"initial_reset_timestamp": 1631840076.8742561, "timestamps": [1631840078.653225], "episode_lengths": [126], "episode_rewards": [-125.0], "episode_types": ["t"]}