{"initial_reset_timestamp": 1631839919.8498185, "timestamps": [1631839921.8638353], "episode_lengths": [140], "episode_rewards": [-139.0], "episode_types": ["t"]}