{"initial_reset_timestamp": 1631839599.4295206, "timestamps": [1631839601.7163553], "episode_lengths": [183], "episode_rewards": [-182.0], "episode_types": ["t"]}