{"initial_reset_timestamp": 1631839872.2390604, "timestamps": [1631839873.3121283], "episode_lengths": [75], "episode_rewards": [-74.0], "episode_types": ["t"]}