{"initial_reset_timestamp": 1631841028.3686607, "timestamps": [1631841029.8312287], "episode_lengths": [106], "episode_rewards": [-106.0], "episode_types": ["t"]}