{"initial_reset_timestamp": 1631840159.0946581, "timestamps": [1631840160.4804425], "episode_lengths": [91], "episode_rewards": [-90.0], "episode_types": ["t"]}