{"initial_reset_timestamp": 1631840379.1545045, "timestamps": [1631840381.519817], "episode_lengths": [200], "episode_rewards": [-200.0], "episode_types": ["t"]}