{"initial_reset_timestamp": 1631841345.6716504, "timestamps": [1631841347.6390831], "episode_lengths": [140], "episode_rewards": [-140.0], "episode_types": ["t"]}