{"initial_reset_timestamp": 1631840529.6638536, "timestamps": [1631840532.1821277], "episode_lengths": [200], "episode_rewards": [-200.0], "episode_types": ["t"]}