{"initial_reset_timestamp": 1631839812.1755967, "timestamps": [1631839813.4190848], "episode_lengths": [88], "episode_rewards": [-87.0], "episode_types": ["t"]}