{"initial_reset_timestamp": 1631840233.700502, "timestamps": [1631840234.6724713], "episode_lengths": [63], "episode_rewards": [-62.0], "episode_types": ["t"]}