{"initial_reset_timestamp": 1631840236.3095996, "timestamps": [1631840237.510049], "episode_lengths": [79], "episode_rewards": [-78.0], "episode_types": ["t"]}