{"initial_reset_timestamp": 1631840130.3044572, "timestamps": [1631840131.4855094], "episode_lengths": [80], "episode_rewards": [-79.0], "episode_types": ["t"]}