{"initial_reset_timestamp": 1631840406.707742, "timestamps": [1631840409.1074703], "episode_lengths": [200], "episode_rewards": [-200.0], "episode_types": ["t"]}