{"initial_reset_timestamp": 1631839818.9580197, "timestamps": [1631839820.1228986], "episode_lengths": [81], "episode_rewards": [-80.0], "episode_types": ["t"]}