{"initial_reset_timestamp": 1631839951.093928, "timestamps": [1631839952.4432418], "episode_lengths": [99], "episode_rewards": [-98.0], "episode_types": ["t"]}