{"initial_reset_timestamp": 1631839883.6749694, "timestamps": [1631839885.0063396], "episode_lengths": [93], "episode_rewards": [-92.0], "episode_types": ["t"]}