{"initial_reset_timestamp": 1631839958.0219293, "timestamps": [1631839959.1715593], "episode_lengths": [81], "episode_rewards": [-80.0], "episode_types": ["t"]}