{"initial_reset_timestamp": 1631839840.738019, "timestamps": [1631839842.4697702], "episode_lengths": [126], "episode_rewards": [-125.0], "episode_types": ["t"]}