{"initial_reset_timestamp": 1631840237.6893275, "timestamps": [1631840238.9183292], "episode_lengths": [85], "episode_rewards": [-84.0], "episode_types": ["t"]}