{"initial_reset_timestamp": 1631840600.181273, "timestamps": [1631840602.657944], "episode_lengths": [200], "episode_rewards": [-200.0], "episode_types": ["t"]}