{"initial_reset_timestamp": 1631840508.4675045, "timestamps": [1631840510.933069], "episode_lengths": [200], "episode_rewards": [-200.0], "episode_types": ["t"]}