{"initial_reset_timestamp": 1631841243.5545368, "timestamps": [1631841245.1360981], "episode_lengths": [111], "episode_rewards": [-111.0], "episode_types": ["t"]}