{"initial_reset_timestamp": 1631839931.0190103, "timestamps": [1631839932.0674632], "episode_lengths": [71], "episode_rewards": [-70.0], "episode_types": ["t"]}