{"initial_reset_timestamp": 1631840765.977956, "timestamps": [1631840768.5372963], "episode_lengths": [200], "episode_rewards": [-200.0], "episode_types": ["t"]}