{"initial_reset_timestamp": 1631839990.4343083, "timestamps": [1631839992.4333751], "episode_lengths": [146], "episode_rewards": [-145.0], "episode_types": ["t"]}