{"initial_reset_timestamp": 1631840166.2236292, "timestamps": [1631840167.7640333], "episode_lengths": [108], "episode_rewards": [-107.0], "episode_types": ["t"]}