{"initial_reset_timestamp": 1631840829.1533506, "timestamps": [1631840831.692354], "episode_lengths": [200], "episode_rewards": [-200.0], "episode_types": ["t"]}