{"initial_reset_timestamp": 1631840861.942501, "timestamps": [1631840864.257793], "episode_lengths": [173], "episode_rewards": [-173.0], "episode_types": ["t"]}