{"initial_reset_timestamp": 1631840495.5322967, "timestamps": [1631840498.0074966], "episode_lengths": [200], "episode_rewards": [-200.0], "episode_types": ["t"]}