{"initial_reset_timestamp": 1631841046.316046, "timestamps": [1631841048.4103582], "episode_lengths": [156], "episode_rewards": [-156.0], "episode_types": ["t"]}