{"initial_reset_timestamp": 1631839899.5791402, "timestamps": [1631839900.551298], "episode_lengths": [64], "episode_rewards": [-63.0], "episode_types": ["t"]}