{"initial_reset_timestamp": 1631840335.109574, "timestamps": [1631840336.1334426], "episode_lengths": [62], "episode_rewards": [-61.0], "episode_types": ["t"]}