{"initial_reset_timestamp": 1631841257.2904482, "timestamps": [1631841258.918954], "episode_lengths": [108], "episode_rewards": [-108.0], "episode_types": ["t"]}