{"initial_reset_timestamp": 1631840550.5735567, "timestamps": [1631840552.9787843], "episode_lengths": [200], "episode_rewards": [-200.0], "episode_types": ["t"]}