{"initial_reset_timestamp": 1631840718.4606767, "timestamps": [1631840721.0307446], "episode_lengths": [200], "episode_rewards": [-200.0], "episode_types": ["t"]}