{"initial_reset_timestamp": 1631841232.6642704, "timestamps": [1631841234.7488806], "episode_lengths": [149], "episode_rewards": [-149.0], "episode_types": ["t"]}