{"initial_reset_timestamp": 1631841160.8965623, "timestamps": [1631841163.0002785], "episode_lengths": [152], "episode_rewards": [-152.0], "episode_types": ["t"]}