{"initial_reset_timestamp": 1631839542.530859, "timestamps": [1631839546.5378597], "episode_lengths": [323], "episode_rewards": [-322.0], "episode_types": ["t"]}