{"initial_reset_timestamp": 1631840566.4360101, "timestamps": [1631840568.9876614], "episode_lengths": [200], "episode_rewards": [-200.0], "episode_types": ["t"]}