{"initial_reset_timestamp": 1631840823.7890742, "timestamps": [1631840826.3727107], "episode_lengths": [200], "episode_rewards": [-200.0], "episode_types": ["t"]}