{"initial_reset_timestamp": 1631841369.1620364, "timestamps": [1631841370.7856195], "episode_lengths": [114], "episode_rewards": [-114.0], "episode_types": ["t"]}