{"initial_reset_timestamp": 1631840928.796657, "timestamps": [1631840931.3662696], "episode_lengths": [200], "episode_rewards": [-200.0], "episode_types": ["t"]}