{"initial_reset_timestamp": 1631839915.4992223, "timestamps": [1631839916.9981732], "episode_lengths": [107], "episode_rewards": [-106.0], "episode_types": ["t"]}