{"initial_reset_timestamp": 1631840924.9206316, "timestamps": [1631840926.7413208], "episode_lengths": [135], "episode_rewards": [-135.0], "episode_types": ["t"]}