{"initial_reset_timestamp": 1631840019.8909342, "timestamps": [1631840021.1181614], "episode_lengths": [85], "episode_rewards": [-84.0], "episode_types": ["t"]}