{"initial_reset_timestamp": 1631840671.077057, "timestamps": [1631840673.519399], "episode_lengths": [200], "episode_rewards": [-200.0], "episode_types": ["t"]}