{"initial_reset_timestamp": 1631840647.5995615, "timestamps": [1631840650.1986127], "episode_lengths": [200], "episode_rewards": [-200.0], "episode_types": ["t"]}