{"initial_reset_timestamp": 1631841129.4948027, "timestamps": [1631841131.2333484], "episode_lengths": [125], "episode_rewards": [-125.0], "episode_types": ["t"]}