{"initial_reset_timestamp": 1631840356.7842891, "timestamps": [1631840359.1165595], "episode_lengths": [200], "episode_rewards": [-200.0], "episode_types": ["t"]}