{"initial_reset_timestamp": 1631841002.5129237, "timestamps": [1631841004.5272906], "episode_lengths": [145], "episode_rewards": [-145.0], "episode_types": ["t"]}