{"initial_reset_timestamp": 1631839630.3884153, "timestamps": [1631839632.161725], "episode_lengths": [132], "episode_rewards": [-131.0], "episode_types": ["t"]}