{"initial_reset_timestamp": 1631840547.8982413, "timestamps": [1631840550.456392], "episode_lengths": [200], "episode_rewards": [-200.0], "episode_types": ["t"]}