{"initial_reset_timestamp": 1631839755.4850934, "timestamps": [1631839756.9608698], "episode_lengths": [104], "episode_rewards": [-103.0], "episode_types": ["t"]}