{"initial_reset_timestamp": 1631840834.442022, "timestamps": [1631840836.9362953], "episode_lengths": [200], "episode_rewards": [-200.0], "episode_types": ["t"]}