{"initial_reset_timestamp": 1631840366.5535314, "timestamps": [1631840369.033908], "episode_lengths": [200], "episode_rewards": [-200.0], "episode_types": ["t"]}