{"initial_reset_timestamp": 1631840131.6662104, "timestamps": [1631840132.9367654], "episode_lengths": [89], "episode_rewards": [-88.0], "episode_types": ["t"]}