{"initial_reset_timestamp": 1631840447.9409308, "timestamps": [1631840450.5307562], "episode_lengths": [200], "episode_rewards": [-200.0], "episode_types": ["t"]}