{"initial_reset_timestamp": 1631841020.3523111, "timestamps": [1631841021.8518062], "episode_lengths": [110], "episode_rewards": [-110.0], "episode_types": ["t"]}