{"initial_reset_timestamp": 1631840329.6182985, "timestamps": [1631840330.7762918], "episode_lengths": [80], "episode_rewards": [-79.0], "episode_types": ["t"]}