{"initial_reset_timestamp": 1631840981.036163, "timestamps": [1631840983.056303], "episode_lengths": [148], "episode_rewards": [-148.0], "episode_types": ["t"]}