{"initial_reset_timestamp": 1631839733.2159288, "timestamps": [1631839734.3240705], "episode_lengths": [78], "episode_rewards": [-77.0], "episode_types": ["t"]}