{"initial_reset_timestamp": 1631840658.168501, "timestamps": [1631840660.5719323], "episode_lengths": [200], "episode_rewards": [-200.0], "episode_types": ["t"]}