{"initial_reset_timestamp": 1631839508.7483346, "timestamps": [1631839514.8333561], "episode_lengths": [500], "episode_rewards": [-500.0], "episode_types": ["t"]}