{"initial_reset_timestamp": 1631840175.698315, "timestamps": [1631840178.0781183], "episode_lengths": [166], "episode_rewards": [-165.0], "episode_types": ["t"]}