{"initial_reset_timestamp": 1631839862.7534153, "timestamps": [1631839864.3893733], "episode_lengths": [122], "episode_rewards": [-121.0], "episode_types": ["t"]}