{"initial_reset_timestamp": 1631839720.7146301, "timestamps": [1631839722.3071244], "episode_lengths": [114], "episode_rewards": [-113.0], "episode_types": ["t"]}