{"initial_reset_timestamp": 1631840959.950561, "timestamps": [1631840961.2197895], "episode_lengths": [90], "episode_rewards": [-90.0], "episode_types": ["t"]}