{"initial_reset_timestamp": 1631841381.917336, "timestamps": [1631841384.0440202], "episode_lengths": [157], "episode_rewards": [-157.0], "episode_types": ["t"]}