{"initial_reset_timestamp": 1631839870.0259247, "timestamps": [1631839872.0710986], "episode_lengths": [146], "episode_rewards": [-145.0], "episode_types": ["t"]}