{"initial_reset_timestamp": 1631840584.5318506, "timestamps": [1631840586.9839954], "episode_lengths": [200], "episode_rewards": [-200.0], "episode_types": ["t"]}