{"initial_reset_timestamp": 1631839659.6741865, "timestamps": [1631839661.0461998], "episode_lengths": [94], "episode_rewards": [-93.0], "episode_types": ["t"]}